CaseNumber,Amt.Repaid.at.6.Months,Nominal.Loan.Amount,Total.Amt.to.be.Repaid,PRSM,Repayment.Percentage,Commission.Upfront,Validated.Monthly.Batch,Historical.Monthly.Credit.Card.Receipts,Loan.Type,Loan.Size.Class,FICO,Years.In.Business,Num.of.Credit.Lines,Num.of.Paid.off.Credit.Lines,Current.Delinquent.Credit.Lines,Previous.Delinquent.Credit.Lines,Business.Entity.Type,Num.of.Trade.Lines,Num.of.Derog.Legal.Item,Two.Digit.SIC.Code,Two.Digit.SIC.Description,Population.in.Zip.Code,Average.House.Value.in.Zip.Code,Income.Per.Household.in.Zip....,State,ISO.Name
344012260,7879,19200,22656,0.6955,12.5,1344,18711.92,21963,O,S2,550,10,19,6,5,9,LLC,0,0,55,Automotive Dealers and Service Stations,36785,69500,29997,FL,Loan Masters
378114786,19392,37000,43475,0.8921,12.5,1498.5,36229.58,36230.1104,R,S3,501,6,28,11,3,10,LLC,1,0,58,Eating and Drinking Places,42503,170400,60296,MD,Loan Masters
351015636,14253,26600,31654,0.9005,12.5,3670.8,20988.4,20988.5,O,S3,579,29,9,3,1,2,LLC,1,0,58,Eating and Drinking Places,38066,92300,47825,GA,Credit Divas
79719718,6934,15600,18330,0.7566,12.5,421.2,19360,21128,R,S2,589,6,26,21,2,20,LLC,0,11,58,Eating and Drinking Places,10243,107700,45672,PA,Loan Masters
104110253,6199,18400,22816,0.5434,12.5,3540.16,23629.62,15620,R,S2,645,2,46,10,5,5,LLC,7,0,51,Wholesale Trade-Nondurable Goods,13388,137400,56057,FL,Credit Divas
371413226,21268,40000,49000,0.8681,14,800,28714.96,7124,R,S3,552,4,21,6,12,2,LLC,0,0,58,Eating and Drinking Places,41099,181200,61097,IL,Loan Masters
253511876,27233,44000,51700,1.0535,12.5,3267,39977.58,39977.5,R,S4,576,7,19,5,6,6,LLC,1,0,58,Eating and Drinking Places,27377,113000,44683,MN,Loan Masters
355114334,4841,8900,10635.55,0.9103,12.5,742.26,7963.44,12987.8,O,S2,587,17,44,19,0,10,LLC,11,1,42,Motor Freight Transportation/Warehouse,38515,99500,35381,FL,Loan Masters
214917684,8040,14800,18352,0.8762,12.5,2190.4,9735.94,9736,O,S2,613,5,26,16,1,14,S-Corp,1,0,72,Personal Services,23913,163600,64447,FL,Credit Divas
161017385,5885,15000,17850,0.6594,12.5,2070,12058.64,12058.3333,O,S2,473,6,26,11,8,5,LLC,0,0,58,Eating and Drinking Places,18925,184100,52319,NJ,Credit Divas
449013052,12249,30000,35700,0.6862,12.5,4140,24387.58,24387.3333,O,S3,543,3,24,15,4,4,LLC,1,0,72,Personal Services,66789,375000,55647,IL,Credit Divas
179412449,1207,5200,6448,0.3744,12.5,769.6,3769.56,5553.27273,O,S1,502,3,15,10,3,7,LLC,0,0,59,Miscellaneous Retail Stores,20796,109900,43542,OH,Credit Divas
131618482,27408,29200,34894,1.5709,12.5,1752,26342.14,26342,O,S3,785,8,27,16,0,0,S-Corp,2,0,75,Auto Repair Services and Parking,16291,81800,23891,NY,Loan Masters
374718345,10628,26000,30550,0.6958,12.5,2106,26738.1,26738,O,S3,630,2,9,2,1,1,LLC,0,0,58,Eating and Drinking Places,41790,89000,36851,OH,Loan Masters
254211424,52687,110000,130900,0.8050,12.5,5935.38,196896.36,189374,R,S4,714,11,11,4,0,1,LLC,0,0,58,Eating and Drinking Places,27420,113700,46128,KY,Loan Masters
146711587,46141,109200,131000,0.7044,12.5,17900.52,85491.24,99494.3333,O,S4,607,7,12,4,2,3,LLC,2,0,56,Apparel and Accessory Stores,17694,211000,32223,FL,Loan Masters
56011407,41531,80000,95200,0.8725,11,8832,72202.28,75731,O,S4,538,5,36,24,2,8,LLC,0,0,56,Apparel and Accessory Stores,7034,346400,93031,NJ,Loan Masters
193217458,69413,90000,107100,1.2962,10,12420,88577.76,92397.3333,O,S4,804,9,29,14,0,0,LLC,0,0,58,Eating and Drinking Places,22026,157500,71850,VA,Credit Divas
136117183,4253,10400,12896,0.6596,12.5,1539.2,6858.56,6858.57143,O,S2,578,5,7,2,1,0,LLC,0,0,58,Eating and Drinking Places,16815,115600,45648,OH,Credit Divas
365410039,2063,11400,13395,0.3080,12.5,1231.2,10311.42,12183.3333,O,S2,587,3,19,9,5,4,LLC,0,0,59,Miscellaneous Retail Stores,40157,93100,35211,VA,Loan Masters
22819003,1290,3000,3570,0.7227,12.5,414,13357.52,13357.3333,O,S1,579,8,21,7,5,6,LLC,1,1,59,Miscellaneous Retail Stores,2176,57500,33750,AR,Credit Divas
432415045,22437,40000,46000,0.9755,12.5,2790,35517.92,33236,O,S3,740,1,50,27,1,1,LLC,2,0,99,Other,56340,176100,45654,MA,Loan Masters
191615888,4937,13800,16422,0.6013,12.5,1491.14,10597.08,10597.3333,O,S2,457,4,32,17,6,6,LLC,2,0,72,Personal Services,21799,81700,22204,NC,Loan Masters
330215455,2609,4600,5704,0.9148,12.5,885.04,8957.02,6236,R,S1,597,5,40,27,1,12,LLC,0,0,57,Home Furniture and Furnishings Stores,35308,59200,30565,AR,Credit Divas
200317722,58779,85000,104550,1.1244,12.5,8687,54768.44,54768.6667,O,S4,624,2,18,10,2,0,LLC,0,0,42,Motor Freight Transportation/Warehouse,22611,84900,38563,WI,Loan Masters
317414820,53860,90000,103500,1.0408,12.5,4680,75624,83387,R,S4,536,11,58,34,1,7,LLC,1,8,75,Auto Repair Services and Parking,33557,255700,74655,MD,Credit Divas
31714003,23138,40400,48076,0.9626,12.5,5575.2,31850.96,31850.8889,O,S3,700,2,35,14,0,2,LLC,0,0,52,Building Materials and Hardware,3575,81700,36686,NH,Credit Divas
289513750,21989,52800,62040,0.7089,12.5,2851.2,66090,44660,R,S4,681,11,22,10,0,0,LLC,4,8,58,Eating and Drinking Places,30847,111200,35919,FL,Loan Masters
209819895,1946,6800,8432,0.4616,12.5,1006.4,4442.32,4442.8,O,S1,461,2,14,5,7,1,S-Corp,0,0,79,Amusement and Recreational Services,23557,72400,15779,VA,Credit Divas
33517385,4854,9000,11160,0.8699,12.5,266.4,11904.14,19274,R,S2,651,10,36,23,0,6,LLC,3,1,75,Auto Repair Services and Parking,3876,89300,45170,OH,Loan Masters
316715545,8086,18600,23064,0.7012,12.5,2752.8,12281.46,12281.4732,O,S2,583,10,18,2,0,4,S-Corp,2,0,57,Home Furniture and Furnishings Stores,33550,135400,25095,DC,Credit Divas
417712201,6386,13200,15708,0.8131,12.5,712.24,20628.58,12882,R,S2,630,2,43,18,5,11,LLC,4,0,58,Eating and Drinking Places,51061,143600,59918,OH,Loan Masters
311413906,4281,12000,14580,0.5872,12.5,2230.8,61822.48,61822.5455,O,S2,479,4,32,18,9,4,LLC,0,0,75,Auto Repair Services and Parking,32887,94500,33947,GA,Loan Masters
122418503,30366,87400,101700,0.5972,12.5,6217.6,126840,287386,R,S4,611,12,37,23,0,3,LLC,1,3,59,Miscellaneous Retail Stores,15374,89800,21502,FL,Credit Divas
128416826,3427,5800,6815,1.0057,12.5,626.4,5205.46,5205.5,O,S1,535,3,36,12,2,4,S-Corp,0,0,72,Personal Services,16066,116200,49284,MS,Loan Masters
225615193,8361,18600,22134,0.7555,10,2009.8,19214.76,19215,O,S2,597,21,33,22,1,4,LLC,1,0,72,Personal Services,24923,149800,52840,WI,Loan Masters
45111861,11350,26400,31020,0.7318,12.5,1425.6,22344,89612,R,S3,617,10,18,11,0,1,LLC,0,0,58,Eating and Drinking Places,5479,75400,26108,MD,Loan Masters
362213849,5284,12000,14280,0.7401,12.5,1656,9731.44,11935.4286,O,S2,525,17,17,5,0,2,LLC,3,0,41,Local/Suburban Transit and Highway Passenger,39582,236700,57657,NY,Credit Divas
173318582,5336,20000,23800,0.4484,7.5,2760,28875.92,28876.5,O,S2,573,2,5,1,3,0,LLC,2,0,58,Eating and Drinking Places,20280,104200,50192,FL,Credit Divas
40713531,48067,82800,99360,0.9675,12.5,5775.3,53364.7,53364.7,O,S4,664,3,36,21,0,7,LLC,1,0,80,Health Services,4935,363600,106027,NY,Loan Masters
53711586,32657,70000,83300,0.7841,12.5,7728,82350.72,55241,R,S4,574,23,20,5,5,6,LLC,6,3,75,Auto Repair Services and Parking,6733,146000,59187,NJ,Credit Divas
354618719,17597,28000,32900,1.0697,12.5,1960,27056.48,37477.75,O,S3,677,5,29,13,1,0,LLC,0,0,72,Personal Services,38504,137400,56945,OH,Loan Masters
339918264,28510,50000,57500,0.9917,12.5,3900,69055.98,92928,O,S4,650,13,15,5,0,2,LLC,8,0,59,Miscellaneous Retail Stores,36300,313100,53180,NY,Credit Divas
87718641,27876,50000,58750,0.9490,5,3500,102281.64,142409.2,O,S4,533,3,53,39,2,12,LLC,2,0,59,Miscellaneous Retail Stores,11385,193800,63066,NY,Loan Masters
256815533,14228,24200,28798,0.9881,12.5,2671.68,20913.5,19635.5395,R,S3,535,27,38,22,5,5,LLC,0,5,58,Eating and Drinking Places,27762,141200,60141,NY,Credit Divas
364414620,4269,7600,9728,0.8777,12.5,1719.12,4965.3,4965.25,O,S1,510,7,19,5,7,5,S-Corp,0,2,72,Personal Services,39920,129900,47663,MD,Loan Masters
187514118,4327,14000,16660,0.5194,12.5,1932,11080.68,11081,O,S2,596,1,40,21,0,2,LLC,0,4,59,Miscellaneous Retail Stores,21427,143600,60536,PA,Credit Divas
329819891,2443,4000,4760,1.0265,12.5,110.4,6946.08,7399,R,S1,603,6,20,8,4,5,LLC,0,0,42,Motor Freight Transportation/Warehouse,35241,204900,86581,AL,Loan Masters
42011958,23468,41600,48880,0.9602,12.5,832,40076.84,32463.2,R,S3,442,5,31,12,3,16,S-Corp,3,0,54,Food Stores,5116,94900,37953,VA,Loan Masters
60510136,12925,19000,23300,1.1094,12.5,2933.88,30248.36,20130,R,S2,558,20,38,17,12,14,LLC,1,0,59,Miscellaneous Retail Stores,7567,176900,68462,NJ,Loan Masters
370210072,4262,13800,16422,0.5191,12.5,1523.52,22055.12,23608,R,S2,624,2,20,6,1,5,LLC,0,0,72,Personal Services,40914,150700,52935,FL,Credit Divas
144718886,453639,452000,535620,1.6939,7.5,27865.8,520015.04,520015.2,O,S4,655,22,86,56,0,0,S-Corp,2,0,58,Eating and Drinking Places,17386,161200,56381,FL,Loan Masters
251510651,16947,59200,70448,0.4811,7.5,6535.68,193274.4,109998,R,S4,565,5,48,25,19,22,LLC,2,4,58,Eating and Drinking Places,27261,89800,46482,MS,Credit Divas
211014975,5055,10000,11900,0.8496,12.5,1104,8307.14,8307.5,R,S2,529,13,36,18,10,16,S-Corp,1,0,72,Personal Services,23663,90400,43051,IL,Credit Divas
51115243,2204,7200,8460,0.5210,12.5,680.4,6521.76,6522,O,S1,500,4,35,27,1,14,S-Corp,0,3,53,General Merchandise Stores,6349,81600,36016,AR,Loan Masters
148716010,7096,15000,19125,0.7421,12.5,3138.76,9881.4,9881.33333,O,S2,568,23,14,6,5,2,LLC,3,1,75,Auto Repair Services and Parking,17884,108400,39780,FL,Credit Divas
329913198,22877,40800,48552,0.9424,12.5,4504.32,54735.76,46994,R,S3,538,8,20,9,3,5,S-Corp,1,0,58,Eating and Drinking Places,35308,59200,30565,AR,Credit Divas
168912673,18883,49760,58468,0.6459,10,6045.84,48748.82,48987.5,O,S4,535,1,26,11,8,5,S-Corp,0,0,55,Automotive Dealers and Service Stations,19759,164400,46175,NC,Loan Masters
253410645,4407,7600,8930,0.9870,12.5,897.76,7361.48,7361.5,O,S1,570,3,22,11,4,6,S-Corp,8,0,7,Agricultural Services,27376,128100,60291,IN,Loan Masters
255015817,14273,32000,39680,0.7194,12.5,4736,21058.06,25710.6667,O,S3,639,3,19,10,0,3,LLC,1,0,57,Home Furniture and Furnishings Stores,27514,199300,61179,IL,Credit Divas
416513134,10719,20000,23800,0.9008,12.5,2760,16486.98,16487,O,S2,543,1,43,27,13,20,S-Corp,0,0,72,Personal Services,50781,167600,36025,MA,Credit Divas
62313684,31551,1.00E+05,119000,0.5303,9,13800,119384.52,119384.333,O,S4,579,2,7,1,0,0,LLC,1,0,53,General Merchandise Stores,7777,58300,23957,FL,Credit Divas
316217857,5866,17600,20680,0.5673,12.5,2019.6,13885.04,13885,O,S2,513,58,22,14,3,6,LLC,5,2,52,Building Materials and Hardware,33389,120000,34060,FL,Credit Divas
32815494,2770,7300,8942,0.6195,12.5,740.88,4718.7,4719,O,S1,596,2,11,5,1,1,LLC,0,0,56,Apparel and Accessory Stores,3787,76500,33348,WV,Loan Masters
25715256,49134,64600,75905,1.2946,12.5,1744.2,87896,55480,R,S4,590,20,34,16,7,6,S-Corp,1,0,58,Eating and Drinking Places,2706,111800,18878,NH,Loan Masters
54115593,98272,120000,148800,1.3209,12.5,19092,77974.42,77974.5455,O,S4,764,8,37,24,0,0,LLC,0,0,82,Educational Services,6746,62600,27144,FL,Loan Masters
148616345,3634,10800,12690,0.5727,12.5,1275.76,11687.22,3293.32971,O,S2,525,6,12,4,5,4,LLC,3,0,59,Miscellaneous Retail Stores,17858,259600,87497,CT,Loan Masters
99014529,3618,8127.5,9590.45,0.7545,12,1105.34,6501.86,6502,O,S1,686,2,14,6,1,1,LLC,2,0,58,Eating and Drinking Places,12871,143500,60662,CT,Loan Masters
72719403,2920,6200,7378,0.7915,12.5,669.94,4835.08,4835.33333,O,S1,628,15,29,16,1,5,LLC,2,0,73,Business Services,9376,87400,46213,IN,Loan Masters
284016331,2102,4400,5236,0.8029,12.5,607.2,4122.38,4324,R,S1,635,3,17,4,2,9,LLC,1,14,58,Eating and Drinking Places,30377,466700,22491,NY,Credit Divas
448315340,31529,60000,71400,0.8832,12.5,8280,64893.84,56384.2222,O,S4,728,47,2,1,0,0,S-Corp,3,1,59,Miscellaneous Retail Stores,66456,132700,60427,GA,Credit Divas
244211887,8716,25500,32513,0.5362,12.5,5336,16739.7,16739.6923,O,S3,550,3,31,19,5,4,LLC,4,0,80,Health Services,26525,162000,40788,RI,Credit Divas
223212743,23801,46000,54050,0.8807,10,3726,51880.28,51880.2857,O,S4,686,16,8,5,0,0,S-Corp,0,0,75,Auto Repair Services and Parking,24727,122900,30256,TN,Loan Masters
427811156,34428,62800,77872,0.8842,12.5,9294.4,41311.18,41311.2,O,S4,687,23,55,32,0,1,LLC,10,11,52,Building Materials and Hardware,54781,174700,47905,IL,Credit Divas
221611772,5878,10200,11985,0.9809,12.5,1204.88,9127.54,10646.8,O,S2,595,9,5,1,3,0,S-Corp,1,0,72,Personal Services,24538,72200,35432,OH,Loan Masters
233010653,9249,15800,19592,0.9442,12.5,2338.4,10419.12,10419,O,S2,600,10,24,6,0,2,LLC,1,0,72,Personal Services,25332,134800,32258,FL,Credit Divas
421610585,39719,96000,119040,0.6673,12.5,14208,64316.94,64316,O,S4,628,4,21,1,0,7,LLC,3,0,58,Eating and Drinking Places,52360,118600,42393,CT,Credit Divas
44513731,9704,19600,24304,0.7986,12.5,580.16,23651.66,10768,R,S2,561,4,13,4,6,7,LLC,0,0,75,Auto Repair Services and Parking,5427,94000,46250,NJ,Loan Masters
436818917,18042,30000,35250,1.0237,6,2835,60366,60366,O,S3,621,9,20,5,0,3,LLC,1,0,72,Personal Services,58895,98600,42934,FL,Loan Masters
373612374,14542,25600,30800,0.9443,12.5,3060,20864,31646,R,S3,525,5,45,33,6,4,LLC,1,1,72,Personal Services,41499,214500,45014,VA,Loan Masters
291812676,5520,16100,19964,0.5530,12.5,2382.8,10587.12,16157.7778,O,S2,591,3,44,25,1,11,LLC,0,0,56,Apparel and Accessory Stores,31060,101100,35432,LA,Credit Divas
170310301,7392,12400,14570,1.0147,12.5,744,11214.56,6708.2,O,S2,621,10,36,23,0,4,LLC,5,3,57,Home Furniture and Furnishings Stores,19917,400900,93342,MA,Loan Masters
263410069,5128,12000,14100,0.7274,12.5,810,15676.28,3398,R,S2,478,5,35,18,2,0,S-Corp,1,1,75,Auto Repair Services and Parking,28370,214300,58263,VA,Loan Masters
358316823,36248,61400,72145,1.0049,12.5,6631.2,59223.5,59223.6667,O,S4,589,2,37,16,0,5,LLC,0,0,54,Food Stores,38874,141400,60609,GA,Loan Masters
404013007,16177,28000,34720,0.9319,12.5,828.8,44250,44250,R,S3,722,13,70,35,0,0,LLC,0,2,59,Miscellaneous Retail Stores,46669,1000001,61986,NY,Loan Masters
281218356,3629,6800,8432,0.8608,12.5,1006.4,4402,4402,O,S1,648,7,23,10,0,1,S-Corp,1,0,75,Auto Repair Services and Parking,30115,68000,35950,MI,Loan Masters
99512251,31223,37800,44415,1.4060,10,2551.5,51140,58006,R,S3,579,31,34,23,2,1,LLC,9,0,75,Auto Repair Services and Parking,12902,154100,60263,PA,Loan Masters
214813049,16119,40400,50096,0.6435,12.5,5979.2,26625.94,26626,O,S4,555,13,14,6,3,8,S-Corp,1,2,57,Home Furniture and Furnishings Stores,23906,84300,36379,KY,Credit Divas
142716965,8091,14000,16520,0.9795,12.5,980,12785.1,12785.1,O,S2,583,10,28,8,5,9,S-Corp,1,0,54,Food Stores,17326,77500,21351,OH,Loan Masters
251817661,31408,56000,64400,0.9754,12.5,4368,44621.54,52599.5,O,S4,684,11,34,23,0,1,S-Corp,0,0,59,Miscellaneous Retail Stores,27268,111800,41888,NC,Credit Divas
91214100,13744,33300,38545,0.7131,12.5,3057.64,26222.5,33398,O,S3,487,1,29,17,2,4,S-Corp,2,0,52,Building Materials and Hardware,11724,105900,48618,TN,Loan Masters
343517306,7430,14900,18476,0.8043,12.5,2205.2,9789.66,15687.5,O,S2,548,21,31,22,4,11,LLC,1,0,53,General Merchandise Stores,36736,162600,54892,IL,Credit Divas
12917406,6291,11200,12900,0.9753,12.5,333.4,17196.7,11652,R,S2,577,7,38,5,6,8,LLC,1,1,57,Home Furniture and Furnishings Stores,596,152300,53750,VA,Loan Masters
358816775,16680,52750,65410,0.5100,12.5,7807,34699.18,34699.3333,O,S4,456,9,25,16,3,13,LLC,1,0,58,Eating and Drinking Places,38940,102800,36790,MN,Credit Divas
327612031,11032,20400,23970,0.9205,12.5,826.2,27304,27302.9691,R,S2,638,5,22,11,1,7,LLC,2,4,58,Eating and Drinking Places,34956,295300,69097,MD,Loan Masters
101212861,17346,34000,41140,0.8433,12.5,5793.6,26702.06,26702.3333,O,S3,556,5,24,13,6,3,S-Corp,2,1,65,Real Estate,13071,90800,34328,FL,Loan Masters
65415362,33211,81000,95580,0.6949,12.5,11566.8,60299.52,60299.3333,O,S4,523,1,26,12,9,3,LLC,2,0,58,Eating and Drinking Places,8208,290300,66983,CT,Loan Masters
203415739,30930,86000,106640,0.5801,12.5,12728,56516.14,56516.5,O,S4,594,23,22,8,1,6,LLC,2,1,41,Local/Suburban Transit and Highway Passenger,22874,95700,38668,PA,Credit Divas
125613228,19335,33800,41912,0.9226,17.5,2501.2,18472,19426,R,S3,496,3,39,24,13,7,LLC,0,0,58,Eating and Drinking Places,15782,386800,55556,GA,Loan Masters
42619496,4098,9000,11170,0.7338,12.5,1548.78,7668,7132,R,S2,448,8,18,8,7,2,LLC,0,2,53,General Merchandise Stores,5191,263300,27500,VA,Loan Masters
124113300,17730,31800,39432,0.8993,12.5,3529.8,21009,33237.6,O,S3,605,2,8,6,1,1,LLC,0,0,79,Amusement and Recreational Services,15595,98300,44573,NC,Loan Masters
17611962,11582,20000,24800,0.9340,12.5,2368,13141.34,13141.3333,R,S2,528,21,44,29,3,2,S-Corp,2,4,58,Eating and Drinking Places,1468,81800,35648,PA,Credit Divas
420610714,59252,1.00E+05,116000,1.0216,7.5,9240,128392.36,128392.243,O,S4,630,16,37,11,1,3,LLC,0,0,57,Home Furniture and Furnishings Stores,52081,181500,51492,FL,Loan Masters
201810189,6468,14900,17731,0.7296,12.5,2056.2,11743.22,11743.5,O,S2,584,6,10,1,7,1,LLC,3,0,27,Printing Publishing and Allied Industries,22779,105500,41592,FL,Credit Divas
52116843,24535,54400,63920,0.7677,12.5,4406.4,49027.48,2157.92454,O,S4,522,18,34,13,7,7,LLC,0,0,59,Miscellaneous Retail Stores,6552,126800,39833,DE,Loan Masters
220310577,28346,44000,50600,1.1204,10,3432,47827.88,50688.8333,O,S4,684,3,15,8,0,3,LLC,2,0,75,Auto Repair Services and Parking,24439,107900,34789,VA,Loan Masters
251319772,11753,21000,24675,0.9526,12.5,2268,18925,18925,O,S2,692,32,41,33,1,16,LLC,0,0,59,Miscellaneous Retail Stores,27247,77700,25905,LA,Loan Masters
162319450,3351,6800,8092,0.8282,12.5,750.72,5438,6198.66667,R,S1,494,15,18,5,7,3,LLC,0,0,79,Amusement and Recreational Services,19016,61500,34006,IN,Credit Divas
285718818,20184,42000,49350,0.8180,10,3402,47130.8,47130.8524,O,S3,600,1,28,16,7,5,LLC,1,0,58,Eating and Drinking Places,30543,77900,31775,FL,Loan Masters
48416891,15262,26000,29900,1.0209,10,2028,26254.62,26254.8,O,S3,609,3,35,22,9,5,LLC,0,0,58,Eating and Drinking Places,5966,195500,83462,CT,Credit Divas
61714563,28378,61000,71675,0.7919,12,6999.76,51198.08,51200.3489,O,S4,555,8,38,21,3,3,LLC,6,6,58,Eating and Drinking Places,7747,158100,61707,NH,Credit Divas
99612140,21334,35700,42268,1.0095,12.5,4590.58,24369.04,24368.6667,O,S3,511,7,31,17,3,12,S-Corp,1,0,58,Eating and Drinking Places,12907,85000,35014,MO,Loan Masters
386813793,55725,89500,105162.5,1.0598,12.5,8457.76,69012.86,91141.3333,O,S4,662,6,10,6,1,1,LLC,0,2,59,Miscellaneous Retail Stores,43875,145200,63639,FL,Loan Masters
242514387,12216,24000,28560,0.8555,10,2649.6,27415.76,19846,R,S3,579,5,40,22,3,4,LLC,2,0,72,Personal Services,26401,65200,33962,PA,Credit Divas
45010872,9700,16400,19598,0.9899,12.5,455.92,17235.22,10524,R,S2,501,28,2,1,0,0,LLC,1,0,55,Automotive Dealers and Service Stations,5472,129400,50839,WI,Loan Masters
43415108,15532,25000,30750,1.0102,12.5,2190,16204.96,16204.5,O,S3,631,3,7,4,3,1,S-Corp,0,0,58,Eating and Drinking Places,5247,82100,37262,VA,Loan Masters
99319181,17832,38000,46550,0.7661,12.5,2280,24540.24,24540.4,O,S3,678,3,17,7,0,0,LLC,1,0,58,Eating and Drinking Places,12898,100100,40622,NC,Loan Masters
191113797,7331,20000,23800,0.6161,12.5,2760,20065.4,21129,O,S2,498,14,24,8,13,5,S-Corp,0,0,58,Eating and Drinking Places,21732,72200,30832,AL,Credit Divas
93010880,23672,46800,57330,0.8258,12.5,7973.56,63375.06,84564,R,S4,608,3,15,4,0,0,LLC,0,3,58,Eating and Drinking Places,11996,431600,50706,FL,Loan Masters
178618793,18794,47400,55695,0.6749,12.5,2559.6,60062.6,60062.6,R,S4,513,3,9,1,4,1,LLC,1,0,57,Home Furniture and Furnishings Stores,20728,205300,46992,FL,Loan Masters
379513052,2659,5000,5925,0.8976,12.5,650.76,7292.94,5670,R,S1,526,6,21,5,6,1,LLC,0,5,59,Miscellaneous Retail Stores,42677,187300,49316,NJ,Loan Masters
134717796,42871,76400,89770,0.9551,12.5,6188.4,68764.64,79576.5455,O,S4,639,4,36,12,2,0,LLC,3,0,58,Eating and Drinking Places,16649,221600,61475,FL,Loan Masters
290613983,14081,33800,40222,0.7002,12.5,4664.4,26672.06,26672.6667,O,S3,515,2,50,21,3,26,LLC,0,0,58,Eating and Drinking Places,30951,78200,32082,TN,Credit Divas
276116209,4599,10000,11750,0.7828,12.5,675,18345.1,18490.4,R,S2,642,4,28,8,0,1,S-Corp,2,4,56,Apparel and Accessory Stores,29544,72600,25981,AR,Loan Masters
392318663,9752,18000,21060,0.9261,12.5,1447.2,27425.5,17209.8795,R,S2,551,9,35,16,4,11,LLC,0,0,58,Eating and Drinking Places,44880,104900,44765,PA,Credit Divas
376411131,3159,7400,8806,0.7175,12.5,1021.2,5818.66,9308.66667,O,S1,577,11,11,6,1,1,LLC,2,0,64,Insurance Agents Brokers and Services,42073,62700,27963,FL,Credit Divas
134113771,11108,26200,30916,0.7186,12.5,2096,23681.58,52320,O,S3,571,18,26,16,1,3,LLC,0,1,99,Other,16549,77700,22473,SC,Loan Masters
342117407,4395,7600,9310,0.9441,12.5,881.6,4955.28,4955.14286,O,S1,589,2,37,16,0,5,LLC,1,0,54,Food Stores,36613,133300,61920,GA,Loan Masters
118311384,32511,52400,62356,1.0428,15,5784.96,41029.08,29484.6667,R,S4,420,7,54,39,9,19,LLC,1,0,7,Agricultural Services,14862,69500,38558,IL,Credit Divas
39311113,5104,11000,13473,0.7577,12.5,2269.12,8626.26,9917.81818,O,S2,600,6,7,3,1,3,LLC,0,2,59,Miscellaneous Retail Stores,4723,223700,56297,FL,Loan Masters
10318666,145642,2.00E+05,235000,1.2395,12.5,16200,181535.86,319571.5,O,S4,612,17,28,14,1,2,LLC,3,0,70,Hotels Rooming and Other Lodging Places,79,625000,131250,FL,Loan Masters
91418072,9458,20000,24500,0.7721,12.5,1200,12955.6,12955.6667,O,S2,532,2,19,9,6,5,S-Corp,0,0,58,Eating and Drinking Places,11772,97600,46885,NY,Loan Masters
287916240,5863,9200,11408,1.0279,12.5,1361.6,6020.34,6020.33333,O,S2,632,14,32,17,1,10,S-Corp,2,0,56,Apparel and Accessory Stores,30754,158700,37959,AL,Credit Divas
73212086,15813,29000,34075,0.9281,12.5,2349,35258,35730,R,S3,622,74,22,11,0,2,LLC,2,0,76,Miscellaneous Repair Services,9442,97400,33102,MA,Loan Masters
301811135,4067,5800,6873,1.1835,12.5,476.76,6560,6560,R,S1,582,8,19,5,0,1,LLC,0,0,58,Eating and Drinking Places,31986,86200,43865,IL,Loan Masters
385212603,4238,16000,18800,0.4509,12.5,1080,14564,17301.3333,R,S2,653,3,18,9,0,1,LLC,2,1,57,Home Furniture and Furnishings Stores,43764,106300,43999,PA,Loan Masters
237115617,5965,8600,10664,1.1187,12.5,1527.36,7824.84,5820,R,S2,483,3,15,6,28,29,LLC,0,0,58,Eating and Drinking Places,25857,111900,41328,WI,Loan Masters
59611890,36877,74000,83250,0.8859,12.5,3237.5,68438.3,68438.4444,O,S4,654,8,12,4,0,2,LLC,3,8,17,Construction-Special Trade Contractors,7425,221300,83425,PA,Credit Divas
179718180,23947,36000,42840,1.1180,12.5,993.6,61012.5,83320.1254,R,S3,495,13,27,21,4,5,S-Corp,3,0,58,Eating and Drinking Places,20800,137000,52121,NJ,Loan Masters
429215764,4896,9200,10810,0.9058,12.5,184,10375.5,6080,R,S2,572,7,22,11,0,8,LLC,0,0,58,Eating and Drinking Places,55177,251400,84330,MD,Loan Masters
440917951,2587,6800,7990,0.6476,12.5,642.6,6562.76,6562.5,O,S1,508,4,12,6,1,2,LLC,0,1,72,Personal Services,61288,123000,47332,FL,Loan Masters
269718643,8860,14000,16660,1.0636,12.5,386.4,12572.24,14413,R,S2,534,7,32,18,4,8,LLC,6,2,27,Printing Publishing and Allied Industries,28875,87000,32090,SC,Loan Masters
264418343,15199,22200,27195,1.1178,12.5,2520.48,18495.42,18495.5,R,S3,525,2,14,7,1,2,LLC,0,0,58,Eating and Drinking Places,28485,57800,24390,MS,Loan Masters
259515673,28223,42400,52576,1.0736,10,5020.16,59422.48,43080,R,S4,623,9,9,3,1,2,LLC,2,0,57,Home Furniture and Furnishings Stores,27939,115100,37010,FL,Credit Divas
52715425,20757,40000,46000,0.9025,6,3120,36556.8,36556.8,O,S3,555,10,13,3,2,1,LLC,3,0,58,Eating and Drinking Places,6623,227400,68889,NJ,Credit Divas
366610112,21377,30000,37200,1.1493,7.5,5772,37826,37826,R,S3,656,9,19,10,1,3,S-Corp,2,0,58,Eating and Drinking Places,40401,88600,38449,TN,Credit Divas
333712317,10063,21000,26040,0.7729,12.5,3108,13769.32,13769.3333,O,S3,632,7,15,9,0,4,LLC,0,0,72,Personal Services,35622,266400,28070,NY,Credit Divas
330611193,17604,42200,53805,0.6544,12.5,8830.34,27733.96,27733.75,O,S4,595,35,30,21,1,9,LLC,1,2,52,Building Materials and Hardware,35353,485400,49567,NY,Credit Divas
163111483,14698,24000,29760,0.9878,12.5,3552,16219.52,17708.3077,O,S3,533,13,21,10,1,2,S-Corp,0,0,75,Auto Repair Services and Parking,19110,163500,58833,PA,Credit Divas
156219346,28380,50000,59500,0.9539,8.5,6900,60554.86,60554.6667,O,S4,651,1,24,19,0,1,LLC,2,0,72,Personal Services,18435,175200,64084,MN,Credit Divas
118417497,7474,12600,14994,0.9969,12.5,1738.8,9866,9866.01531,O,S2,499,21,49,26,1,7,S-Corp,3,0,56,Apparel and Accessory Stores,14864,86900,39952,PA,Credit Divas
426512591,1981,3000,3540,1.1192,10,244.8,4208.62,4208.8,O,S1,522,8,15,6,8,6,S-Corp,0,0,72,Personal Services,54453,235000,93150,GA,Loan Masters
405611589,8093,21800,25942,0.6239,12.5,3008.4,20108.28,20108,O,S3,649,8,5,1,0,0,S-Corp,0,0,58,Eating and Drinking Places,47188,68900,34202,TN,Credit Divas
20114073,5571,9600,11424,0.9753,12.5,1059.84,12767.3,15523.5,R,S2,509,62,12,3,1,5,LLC,1,0,51,Wholesale Trade-Nondurable Goods,1732,92300,45125,NY,Credit Divas
320911944,55919,136000,159800,0.6999,12.5,11016,122561.72,138884.167,O,S4,577,8,28,11,10,4,LLC,5,0,53,General Merchandise Stores,34045,199400,44741,FL,Loan Masters
66411276,9099,37000,44030,0.4133,10,5106,42524.32,42524.6667,O,S3,486,3,31,13,15,4,LLC,1,0,53,General Merchandise Stores,8316,124000,47736,CT,Credit Divas
114115518,9743,27200,32368,0.6020,12.5,3753.6,21572.86,21573,O,S3,563,4,35,24,1,12,LLC,0,0,57,Home Furniture and Furnishings Stores,14461,125800,57763,NY,Credit Divas
446912377,13366,25000,29375,0.9100,12.5,2700,19293.38,19293,O,S3,637,22,24,18,1,2,LLC,7,0,54,Food Stores,65469,79800,25557,FL,Loan Masters
418616121,23286,35000,42350,1.0997,12.5,2444.76,22416.62,22416.62,O,S3,664,15,56,27,0,0,LLC,1,0,51,Wholesale Trade-Nondurable Goods,51448,124400,60494,NY,Loan Masters
210415177,6456,11400,13566,0.9518,12.5,1258.56,30060,24128.4,R,S2,645,10,41,19,0,0,LLC,6,0,59,Miscellaneous Retail Stores,23614,159500,57182,RI,Credit Divas
57618995,23825,30000,35700,1.3347,7.5,4140,41060.88,41060.6667,O,S3,608,10,31,15,1,9,S-Corp,1,0,47,Transportation Services,7252,166700,64699,NY,Credit Divas
139117013,21871,44600,53074,0.8242,12.5,3692.88,40187.82,43800,O,S4,651,13,16,9,1,3,LLC,1,13,72,Personal Services,17049,35600,19819,IN,Loan Masters
330515805,5377,12400,14570,0.7381,12.5,334.8,15240,17666,R,S2,498,6,21,9,7,6,S-Corp,0,1,56,Apparel and Accessory Stores,35353,485400,49567,NY,Loan Masters
256013404,4161,9000,10575,0.7870,12.5,972,8180.78,7491.17797,O,S2,621,2,7,3,0,1,LLC,1,0,99,Other,27647,180300,54467,NY,Loan Masters
265513004,2305,5000,5950,0.7748,12.5,414,4579.66,4579.66667,O,S1,528,5,22,10,1,8,S-Corp,1,13,72,Personal Services,28561,82300,37597,OH,Loan Masters
339216728,2389,9000,11160,0.4281,12.5,1398.6,5800.96,6748,O,S2,471,5,16,10,1,8,S-Corp,5,4,75,Auto Repair Services and Parking,36255,190600,56879,MA,Loan Masters
89814014,1057,8200,10168,0.2079,12.5,1213.6,5439.72,5439.63636,O,S2,538,6,12,7,4,1,LLC,0,0,53,General Merchandise Stores,11620,70700,30405,AL,Credit Divas
211512468,1946,3600,4230,0.9201,12.5,291.6,4502.7,2456.72727,O,S1,524,3,33,17,6,6,LLC,1,9,7,Agricultural Services,23667,141000,59693,OH,Loan Masters
185318819,19302,37400,45450,0.8494,12.5,5494.44,31846,54092,R,S3,567,4,17,8,8,7,LLC,0,0,72,Personal Services,21280,125400,42313,FL,Loan Masters
348213631,9493,19400,23086,0.8224,12.5,535.44,27129.14,31335.0624,R,S2,660,1,14,5,1,1,LLC,2,1,58,Eating and Drinking Places,37516,188400,59496,TN,Loan Masters
185218026,13287,80000,93200,0.2851,12.5,7980,98629.74,121982.333,O,S4,446,4,12,3,4,1,LLC,0,0,57,Home Furniture and Furnishings Stores,21280,125400,42313,FL,Credit Divas
293516860,3745,8400,10290,0.7279,12.5,974.4,5701.68,6423.6,O,S2,536,2,8,1,6,1,S-Corp,3,0,41,Local/Suburban Transit and Highway Passenger,31259,112900,49910,DE,Loan Masters
145616772,14361,32000,36800,0.7805,12.5,2496,25180.74,25183.3747,O,S3,597,2,37,10,2,7,S-Corp,11,0,59,Miscellaneous Retail Stores,17546,198200,54017,SC,Credit Divas
57810109,12276,25200,29610,0.8292,12.5,2891.7,21254.8,21254.8,O,S3,525,3,42,21,8,8,LLC,3,1,58,Eating and Drinking Places,7252,166700,64699,NY,Loan Masters
282811328,10418,20400,25296,0.8237,12.5,3019.2,13389.3,13389.3,O,S3,573,12,10,4,1,3,LLC,1,0,54,Food Stores,30302,86200,48591,IL,Credit Divas
128915379,26634,34000,41650,1.2789,12.5,3451,21842.96,19339,O,S3,746,31,30,19,0,0,LLC,0,0,56,Apparel and Accessory Stores,16095,92300,33504,ME,Loan Masters
423919568,33220,71000,83425,0.7964,7.5,1917,106626.62,106627.2,R,S4,548,38,13,10,1,9,LLC,0,7,58,Eating and Drinking Places,53248,96300,28694,FL,Loan Masters
206010361,11286,27400,32195,0.7011,7,1479.6,74906.38,28678,R,S3,543,3,22,10,3,2,LLC,0,0,58,Eating and Drinking Places,23107,81100,33946,FL,Loan Masters
161416335,30491,74400,87420,0.6976,12.5,4017.6,47965.16,77156,R,S4,669,4,22,13,0,0,LLC,1,0,57,Home Furniture and Furnishings Stores,18947,159700,45032,FL,Loan Masters
213517165,29719,54800,64390,0.9231,12.5,2959.2,42406.68,49073,R,S4,550,9,30,22,3,7,LLC,1,1,7,Agricultural Services,23833,71900,30817,OH,Loan Masters
73718847,2465,3600,4464,1.1044,12.5,532.8,2420,2420,O,S1,673,4,11,6,2,2,S-Corp,6,0,50,Wholesale Trade-Durable Goods,9475,81700,30227,AL,Credit Divas
210513437,13599,30600,35955,0.7564,12.5,826.2,36142,43762,R,S3,618,7,30,16,0,1,LLC,0,0,17,Construction-Special Trade Contractors,23624,80600,40229,IN,Loan Masters
398218326,4279,18800,23312,0.3671,12.5,2782.4,15777.5,15777.5,O,S2,469,8,23,10,9,5,LLC,0,0,75,Auto Repair Services and Parking,45647,52700,26655,PA,Credit Divas
447416840,4667,10000,11750,0.7944,12.5,945,11080,11080,O,S2,628,3,14,7,0,1,LLC,1,3,75,Auto Repair Services and Parking,65868,93000,42944,MI,Loan Masters
89513706,3911,8000,9400,0.8321,12.5,160,7742,4708.66667,R,S1,621,5,5,2,2,0,S-Corp,0,0,41,Local/Suburban Transit and Highway Passenger,11566,153400,60920,VA,Loan Masters
65213362,3557,7400,8806,0.8079,17.5,816.96,7446,7446,R,S1,542,18,33,20,3,16,LLC,6,0,87,Engineering and Accounting and Management Services,8148,83500,34618,MI,Credit Divas
120515188,177268,3.00E+05,355500,0.9973,12.5,26715,255920.94,206221.702,R,S4,675,36,34,17,0,0,LLC,0,0,56,Apparel and Accessory Stores,15161,122300,33850,FL,Loan Masters
256517403,3223,13742,17040,0.3783,10,2643.94,11110.2,15690.4,O,S2,476,3,14,10,3,7,S-Corp,4,0,54,Food Stores,27751,87900,36057,DE,Credit Divas
108910805,4751,15700,18448,0.5151,12.5,1483.72,12311.52,12311.5,O,S2,474,2,24,13,4,4,LLC,2,0,58,Eating and Drinking Places,13858,122700,48729,OH,Loan Masters
345216806,6683,15800,19592,0.6822,12.5,2338.4,10194.62,10983,O,S2,536,3,31,21,2,4,LLC,0,1,54,Food Stores,37092,133400,52331,AL,Loan Masters
181915511,27770,50000,59500,0.9334,12.5,6900,55577.04,57788,O,S4,595,10,29,21,1,3,LLC,1,0,73,Business Services,20975,205300,88530,FL,Credit Divas
352816880,1383,4000,4900,0.5645,12.5,812,4148.84,6536,O,S1,540,4,15,8,3,5,S-Corp,0,0,57,Home Furniture and Furnishings Stores,38302,74600,30698,SC,Loan Masters
272214289,68290,110000,129250,1.0567,10,6682.5,120824,187993,R,S4,500,13,45,31,4,2,LLC,8,0,57,Home Furniture and Furnishings Stores,29178,85400,35012,FL,Loan Masters
43218619,40553,62600,73555,1.1027,12.5,4648.06,68726,76198.5,R,S4,590,2,15,5,7,3,LLC,0,0,58,Eating and Drinking Places,5207,356800,90286,NJ,Loan Masters
397719239,6823,14000,17360,0.7861,12.5,2227.4,8899.52,8899.53846,O,S2,655,2,63,56,2,5,LLC,4,2,56,Apparel and Accessory Stores,45482,105800,46699,FL,Loan Masters
183016123,5418,8000,9400,1.1528,12.5,756,6130.06,6129.75,O,S1,758,14,9,6,0,0,LLC,0,0,72,Personal Services,21047,89100,37682,IN,Loan Masters
301413427,30556,55000,63250,0.9662,12.5,3300,48363.32,48363.5,O,S4,617,11,18,5,0,1,LLC,1,0,59,Miscellaneous Retail Stores,31985,96600,38890,MI,Loan Masters
331212092,14827,35600,41830,0.7089,15,961.2,28114,28114,R,S3,645,9,30,10,0,9,LLC,0,0,79,Amusement and Recreational Services,35407,626100,55726,MA,Loan Masters
81416157,11464,17000,20400,1.1239,12.5,1020,15271.34,15271.3333,O,S2,714,10,12,4,0,1,LLC,3,0,75,Auto Repair Services and Parking,10506,65200,28145,MS,Loan Masters
184415399,12360,15400,18865,1.3104,12.5,2456.3,13874,13874,R,S2,501,20,25,15,5,11,S-Corp,1,0,56,Apparel and Accessory Stores,21186,117900,46200,MD,Loan Masters
15916194,2016,11200,14280,0.2824,12.5,2343.6,7454.42,7454.66667,O,S2,545,3,18,7,7,9,S-Corp,0,1,53,General Merchandise Stores,1084,144100,46083,NY,Credit Divas
222113091,7689,23200,28768,0.5346,12.5,3605.28,15054.86,21790.4444,O,S3,491,4,36,22,8,2,LLC,4,5,59,Miscellaneous Retail Stores,24555,92400,39442,AR,Loan Masters
84614824,10924,14800,18352,1.1905,12.5,1752.32,13959.9,3996,R,S2,702,11,32,16,3,3,LLC,0,0,58,Eating and Drinking Places,11007,151200,59820,IL,Credit Divas
71919729,14864,36000,42300,0.7028,12.5,2916,28662.84,28662.6667,O,S3,533,1,11,6,3,2,LLC,0,0,58,Eating and Drinking Places,9342,109700,14095,RI,Loan Masters
98217564,283130,4.00E+05,466000,1.2152,8.5,42560,434564.82,458639.8,O,S4,688,3,27,14,0,5,LLC,0,0,79,Amusement and Recreational Services,12729,401400,55639,FL,Loan Masters
146913778,8411,18000,21510,0.7821,12.5,2752.2,14175.54,20224.6667,O,S2,479,2,26,10,6,9,S-Corp,0,0,52,Building Materials and Hardware,17709,155400,57233,TN,Loan Masters
213610957,19091,68800,86344,0.4422,12.5,12466.56,44310.16,55993.5,O,S4,496,18,13,4,4,2,LLC,1,0,58,Eating and Drinking Places,23853,97400,36208,NC,Loan Masters
91914942,84538,130000,152750,1.1069,9,10530,162948.76,162948.889,O,S4,630,38,24,16,0,2,LLC,0,0,58,Eating and Drinking Places,11794,325400,66947,FL,Loan Masters
394418875,160082,361200,424410,0.7544,12.5,29257.2,285946,344712,R,S4,648,2,18,4,3,4,LLC,4,0,59,Miscellaneous Retail Stores,45055,100800,38190,FL,Loan Masters
109710136,7800,23200,27608,0.5651,12.5,2506.86,18313.18,18313.3333,O,S3,511,1,20,8,10,3,LLC,0,0,54,Food Stores,13934,85300,34422,FL,Loan Masters
243815917,63381,86000,106640,1.1887,12.5,12728,56591.38,56591,O,S4,611,17,30,7,0,5,LLC,1,0,73,Business Services,26482,419600,97918,NY,Credit Divas
98418783,9416,22000,26180,0.7193,10,2375.98,18698,18698,O,S3,614,1,37,12,0,0,S-Corp,5,1,72,Personal Services,12781,76500,19437,TN,Loan Masters
390611235,20139,34000,42160,0.9554,12.5,3945.08,22425.84,26956,O,S3,501,2,23,11,5,5,LLC,1,0,58,Eating and Drinking Places,44468,171100,69395,IL,Loan Masters
243411278,3506,6000,7140,0.9821,12.5,496.8,10574.16,10574,R,S1,637,18,25,13,0,1,LLC,0,0,57,Home Furniture and Furnishings Stores,26474,100400,43222,TN,Credit Divas
208410697,19411,57600,66240,0.5861,12.5,4867.2,45140.76,49803.5,O,S4,563,4,26,11,7,3,LLC,0,1,59,Miscellaneous Retail Stores,23367,65500,24350,LA,Loan Masters
322113503,2047,4600,5405,0.7574,12.5,310.5,8554.12,8698,R,S1,461,13,22,11,9,6,S-Corp,1,4,59,Miscellaneous Retail Stores,34235,94300,34600,FL,Loan Masters
230318960,8396,19400,23474,0.7153,12.5,1164,16363.02,11071.0115,O,S2,518,57,29,13,8,16,LLC,0,0,54,Food Stores,25117,124800,52127,MN,Loan Masters
416719909,31856,56200,66035,0.9648,12.5,5310.9,67729.94,67729.6667,O,S4,694,4,37,19,0,2,LLC,0,0,59,Miscellaneous Retail Stores,50783,109300,40199,FL,Loan Masters
316516492,34431,1.00E+05,115000,0.5988,12.5,7800,79096.46,105966.25,O,S4,575,5,9,2,2,0,LLC,2,1,59,Miscellaneous Retail Stores,33523,159600,59371,NY,Credit Divas
290913366,17823,36000,44640,0.7985,12.5,5328,23758.92,26646.3333,O,S3,608,18,15,5,0,4,S-Corp,2,0,59,Miscellaneous Retail Stores,30999,102800,42484,NC,Credit Divas
412517436,38579,82200,97818,0.7888,12.5,8882.04,64900.7,64900,O,S4,589,1,11,2,0,2,LLC,0,0,58,Eating and Drinking Places,49351,81400,27664,KY,Loan Masters
147110906,8293,14400,16920,0.9803,12.5,1846.8,11043.4,11043.2057,O,S2,647,33,29,10,0,1,LLC,2,0,52,Building Materials and Hardware,17745,90700,27905,MO,Loan Masters
361415789,4785,17400,20445,0.4681,12.5,1879.2,15531.08,15531.3333,O,S2,548,1,18,7,9,4,LLC,0,0,59,Miscellaneous Retail Stores,39506,175000,57014,SC,Loan Masters
242414569,5731,14000,16660,0.6880,10,1545.6,28998,34082,R,S2,570,5,40,25,1,2,LLC,0,0,72,Personal Services,26401,65200,33962,PA,Credit Divas
92115716,95168,192000,228480,0.8331,12.5,26496,151379.2,151379.2,O,S4,695,2,47,30,0,0,LLC,1,0,72,Personal Services,11794,325400,66947,FL,Credit Divas
273219767,7804,12200,14396,1.0842,12.5,732,10928.5,14392.2864,R,S2,530,5,25,12,2,5,LLC,0,0,58,Eating and Drinking Places,29259,190800,60117,VA,Loan Masters
449211081,10605,21400,24931,0.8507,10,2134.66,22192.62,22192.5,O,S2,599,7,14,9,1,7,S-Corp,1,1,75,Auto Repair Services and Parking,67012,62400,31367,MI,Credit Divas
253311380,11385,17200,21930,1.0383,12.5,3065.9,19008,19480,R,S2,513,30,26,17,2,7,S-Corp,1,0,58,Eating and Drinking Places,27370,86900,44798,IL,Credit Divas
70018765,13243,21600,26784,0.9889,12.5,4155.84,19499.78,19499.78,R,S3,470,36,19,4,10,4,S-Corp,1,0,75,Auto Repair Services and Parking,9107,111000,36430,PA,Credit Divas
262911978,10878,23000,28520,0.7628,12.5,4425.2,16540,19986.6667,R,S3,460,37,31,16,3,7,S-Corp,0,0,52,Building Materials and Hardware,28313,94800,35291,PA,Credit Divas
243316709,11346,20000,23800,0.9534,5,2208,78926.16,46369,R,S2,583,12,18,4,1,6,LLC,0,0,58,Eating and Drinking Places,26474,100400,43222,TN,Credit Divas
249510383,14816,42600,50694,0.5845,12.5,5878.8,39246.66,43806.5714,O,S4,595,3,6,4,1,0,LLC,7,0,58,Eating and Drinking Places,27111,106900,47666,PA,Credit Divas
445513051,6113,14400,17856,0.6847,12.5,2131.2,9494,9494,O,S2,602,4,10,2,2,1,S-Corp,0,0,81,Legal Services,63774,209200,30192,NY,Credit Divas
116012215,24836,60800,75392,0.6588,12.5,7054.74,39977.48,47984,O,S4,483,5,23,7,4,13,LLC,0,0,75,Auto Repair Services and Parking,14562,94100,57538,NY,Loan Masters
441316016,13503,26000,32240,0.8377,12.5,3848,17176.86,17176.8559,O,S3,643,5,39,27,0,6,LLC,1,0,59,Miscellaneous Retail Stores,61288,123000,47332,FL,Credit Divas
53212931,13880,21800,26800,1.0358,12.5,3477.32,23028,18559.6667,R,S3,498,38,26,20,1,9,S-Corp,1,0,59,Miscellaneous Retail Stores,6644,172500,60687,NY,Loan Masters
344418216,2114,3800,4522,0.9350,12.5,524.4,3072.26,3072.66667,O,S1,531,4,21,5,3,3,LLC,0,0,54,Food Stores,36979,162400,43850,NJ,Credit Divas
175712337,8611,15400,18634,0.9242,12.5,2733.5,12088.64,13441.1429,O,S2,610,3,16,11,0,10,LLC,0,0,79,Amusement and Recreational Services,20441,96000,37764,FL,Loan Masters
403014775,98517,210000,246750,0.7985,12.5,5670,189157.36,364701,R,S4,595,2,43,28,1,4,LLC,0,0,75,Auto Repair Services and Parking,46535,120600,31159,MI,Loan Masters
303913756,9182,15000,19125,0.9602,12.5,3138.74,9855.74,9856,O,S2,583,5,23,16,2,15,S-Corp,1,0,41,Local/Suburban Transit and Highway Passenger,32198,170000,57489,CT,Credit Divas
321418477,8943,18000,21690,0.8246,12.5,3109.04,14111.32,14111.1667,O,S2,538,15,55,29,2,15,S-Corp,0,0,72,Personal Services,34170,92900,29150,PA,Loan Masters
437117042,7255,12000,14700,0.9871,12.5,1827,10778.34,12367,R,S2,584,7,7,2,1,3,LLC,1,2,58,Eating and Drinking Places,58895,98600,42934,FL,Loan Masters
223619257,14470,20600,24514,1.1805,12.5,2274.24,17400,15655.5745,R,S2,499,17,61,36,7,8,LLC,0,0,79,Amusement and Recreational Services,24747,88500,39052,MI,Credit Divas
327113650,2091,5000,5950,0.7029,12.5,517.5,6565.82,14303,R,S1,596,1,45,27,4,2,LLC,1,0,58,Eating and Drinking Places,34837,96200,39734,FL,Loan Masters
185019171,12681,45000,57375,0.4420,12.5,9416.24,29849.06,34299,O,S4,489,1,62,34,14,0,S-Corp,0,0,58,Eating and Drinking Places,21270,127600,53008,GA,Credit Divas
61113446,25682,37000,44030,1.1666,10,5106,36402.7,36403.2394,O,S3,659,3,33,12,1,2,LLC,5,1,99,Other,7646,348400,72568,NY,Credit Divas
199214287,2510,5200,6448,0.7785,12.5,827.32,3444.4,3444.4,O,S1,548,8,17,9,2,4,S-Corp,9,0,72,Personal Services,22563,149500,43684,FL,Loan Masters
56416554,44981,88600,101890,0.8829,11,6910.8,69804.88,119533,O,S4,641,22,6,2,2,1,LLC,0,2,56,Apparel and Accessory Stores,7068,298900,57136,NY,Credit Divas
101915443,60114,144400,166060,0.7240,12.5,11263.2,113966.28,113966.286,O,S4,640,8,28,20,0,7,LLC,0,4,17,Construction-Special Trade Contractors,13155,63000,25428,OH,Credit Divas
33411870,47566,63400,74812,1.2716,12.5,9053.52,48862.1,52248,O,S4,665,3,17,10,1,2,LLC,1,0,58,Eating and Drinking Places,3840,302500,106977,VA,Loan Masters
118717415,4301,11000,13640,0.6306,12.5,1709.4,7135.34,7849,O,S2,440,2,15,4,4,5,LLC,1,0,58,Eating and Drinking Places,14911,83400,40756,PA,Loan Masters
374618299,10586,22400,27776,0.7622,12.5,3315.2,14251.9,16578.6044,O,S3,552,9,18,7,11,16,S-Corp,3,1,55,Automotive Dealers and Service Stations,41765,102000,47341,TN,Loan Masters
222011874,54859,98600,117334,0.9351,17.5,10885.44,75130,62919.2,R,S4,603,4,32,17,3,10,S-Corp,2,0,58,Eating and Drinking Places,24555,92400,39442,AR,Credit Divas
164617739,2065,6000,7440,0.5551,12.5,1332,4749.5,4390.88889,O,S1,494,2,5,1,2,1,LLC,0,0,17,Construction-Special Trade Contractors,19252,90000,40331,GA,Credit Divas
222914187,33258,56600,67354,0.9876,12.5,6248.64,48134,48134.537,R,S4,635,3,19,10,2,6,LLC,5,2,57,Home Furniture and Furnishings Stores,24645,171000,72188,MD,Credit Divas
218518322,7894,14500,17255,0.9150,12.5,1566.78,11410.62,11410.6667,O,S2,625,1,22,12,4,1,LLC,0,0,50,Wholesale Trade-Durable Goods,24369,114600,41485,FL,Loan Masters
225213555,5723,10600,12455,0.9190,12.5,715.5,13365.26,7398,R,S2,429,13,14,2,9,2,S-Corp,0,1,58,Eating and Drinking Places,24878,108700,43308,NY,Loan Masters
128818713,9578,16200,20088,0.9536,12.5,2397.6,11377.02,23066,O,S2,550,8,34,17,0,4,LLC,3,0,27,Printing Publishing and Allied Industries,16094,223700,80634,KY,Credit Divas
364011789,7783,16000,19200,0.8107,12.5,672,12380.76,7782.57483,R,S2,501,11,20,12,7,6,S-Corp,4,0,52,Building Materials and Hardware,39862,224800,53984,MA,Loan Masters
331513157,15016,30000,35250,0.8520,10,1050,79610.9,48360,R,S3,488,11,25,12,3,4,LLC,0,1,58,Eating and Drinking Places,35414,155100,73612,MD,Loan Masters
263618680,2306,9000,11160,0.4133,12.5,1332,5983.62,5983.33333,O,S2,458,4,19,6,8,6,LLC,1,0,59,Miscellaneous Retail Stores,28392,164200,41144,MA,Credit Divas
426717526,25154,40600,47502,1.0591,12.5,3264.24,32012.88,32010.9759,R,S3,510,33,24,11,3,5,LLC,4,0,56,Apparel and Accessory Stores,54499,156900,47529,IL,Credit Divas
299518529,7700,14400,17650,0.8725,12.5,2365.88,11400,13613.3333,R,S2,696,11,58,24,0,0,LLC,1,0,58,Eating and Drinking Places,31839,73000,39337,OH,Loan Masters
359412041,96473,155000,182125,1.0594,12.5,4650,233772,443986,R,S4,680,21,23,9,0,6,LLC,0,0,80,Health Services,39115,121000,56408,IL,Loan Masters
387311007,15293,30000,35700,0.8568,12.5,2484,27137.2,27137.6,R,S3,632,16,16,8,0,3,LLC,0,0,75,Auto Repair Services and Parking,43954,80800,38018,NY,Loan Masters
285619502,13684,28000,32900,0.8319,12.5,2268,38360.12,35942.2857,O,S3,649,4,24,14,1,5,LLC,1,1,56,Apparel and Accessory Stores,30543,77900,31775,FL,Loan Masters
24913945,16523,43600,54064,0.6112,12.5,6452.8,28706.3,28706.3,O,S4,466,4,12,3,1,11,LLC,1,0,56,Apparel and Accessory Stores,2514,350500,68750,NY,Credit Divas
441012913,3802,6800,8092,0.9397,12.5,187.68,10296,10296,R,S1,641,26,21,13,0,6,S-Corp,7,2,55,Automotive Dealers and Service Stations,61288,123000,47332,FL,Loan Masters
273910495,4971,9000,10845,0.9167,12.5,1522.8,7384.88,7384.72727,O,S2,519,2,34,23,3,3,LLC,1,0,58,Eating and Drinking Places,29314,148900,61571,FL,Loan Masters
293218042,5334,14400,17856,0.5974,12.5,2131.2,9467.42,9467.33333,O,S2,654,7,24,18,0,6,LLC,0,0,54,Food Stores,31225,106800,25889,OH,Credit Divas
76415866,14553,20400,26010,1.1190,12.5,3636.3,13474,13918,R,S3,510,1,38,27,7,7,LLC,1,0,7,Agricultural Services,9795,202900,64000,MA,Credit Divas
120014272,19513,28000,34300,1.1378,12.5,4466,38394.6,67000,R,S3,628,11,23,12,0,0,S-Corp,1,1,72,Personal Services,15125,134600,55367,IL,Loan Masters
370510462,5618,12500,14687.5,0.7650,12.5,1350,11165,11165,O,S2,557,6,37,19,0,8,LLC,5,0,72,Personal Services,40914,150700,52935,FL,Loan Masters
160513992,15491,35600,44144,0.7018,12.5,5268.8,23393.14,23394.6273,O,S3,732,5,9,3,0,0,LLC,4,0,99,Other,18900,94200,27255,LA,Credit Divas
393013626,11410,22900,28396,0.8036,12.5,3558.66,15740.14,15739.3333,O,S3,512,6,19,8,3,6,S-Corp,1,0,79,Amusement and Recreational Services,44927,106800,51114,FL,Loan Masters
416012622,21298,49800,59262,0.7188,12.5,6872.4,39244.32,39244,O,S4,547,1,38,24,4,10,LLC,0,0,79,Amusement and Recreational Services,50605,190300,63925,MD,Credit Divas
304212346,8824,15200,17860,0.9881,12.5,820.8,18670.58,19340,R,S2,525,17,28,17,2,3,S-Corp,2,0,58,Eating and Drinking Places,32253,94100,33121,NY,Loan Masters
24814871,10007,21200,25228,0.7933,12.5,585.12,41858.32,29288,R,S3,602,24,23,9,1,1,LLC,1,0,59,Miscellaneous Retail Stores,2505,145200,44301,PA,Loan Masters
98111214,3365,11800,14632,0.4600,15,1397.12,8694,9994.66667,R,S2,592,4,15,8,4,8,LLC,0,1,56,Apparel and Accessory Stores,12728,92900,37333,IN,Credit Divas
435219272,7575,13000,15275,0.9918,12.5,1535.62,13496.64,13497,O,S2,615,3,11,2,7,2,S-Corp,1,0,57,Home Furniture and Furnishings Stores,58406,116400,53312,GA,Loan Masters
98619426,1601,4400,5236,0.6115,12.5,475.44,3492.96,4003.77778,O,S1,514,1,15,4,1,0,LLC,0,0,73,Business Services,12794,98100,46486,NY,Loan Masters
401218357,7578,13800,16215,0.9347,12.5,838.36,21729.22,21730.8694,R,S2,661,10,29,17,0,0,LLC,3,1,59,Miscellaneous Retail Stores,46231,225800,88504,GA,Loan Masters
174711159,13332,25600,31744,0.8400,17.5,3031.04,13953.76,6912,R,S3,526,49,23,8,5,9,LLC,0,4,50,Wholesale Trade-Durable Goods,20379,87000,32229,SC,Credit Divas
390514073,33877,66600,78255,0.8658,12.5,6293.7,46926.74,46927,O,S4,430,36,36,9,10,16,LLC,2,9,57,Home Furniture and Furnishings Stores,44439,119200,49816,VA,Loan Masters
200214704,5767,13100,16244,0.7100,12.5,1938.8,9093.66,9094,O,S2,550,3,28,15,1,3,S-Corp,3,0,72,Personal Services,22598,149800,52557,MI,Credit Divas
442910256,32339,61000,71675,0.9024,12.5,5764.5,54920.32,69313.4537,O,S4,501,9,38,24,1,6,LLC,6,1,58,Eating and Drinking Places,62132,136600,67190,VA,Loan Masters
124611334,7994,13000,16000,0.9993,12.5,2104.24,11494.26,9815.66667,R,S2,631,18,26,18,0,8,S-Corp,1,0,58,Eating and Drinking Places,15683,203000,53761,FL,Loan Masters
357213299,5144,13200,15708,0.6550,17.5,1457.28,7702,10602,R,S2,462,12,17,11,4,5,LLC,1,2,72,Personal Services,38795,127700,63519,VA,Credit Divas
415516768,11789,33200,39508,0.5968,12.5,4548.4,26006.4,26006.5,O,S3,604,5,52,25,0,3,LLC,2,0,55,Automotive Dealers and Service Stations,50500,76700,22072,FL,Loan Masters
232214742,51158,103000,122570,0.8348,10,11129.56,111011.9,111012,O,S4,597,19,18,8,0,3,LLC,1,13,58,Eating and Drinking Places,25269,331700,77568,MD,Loan Masters
406113057,10102,23000,28520,0.7084,12.5,3404,15154.66,15154.5714,O,S3,558,32,14,7,5,2,S-Corp,3,8,59,Miscellaneous Retail Stores,47422,80200,29816,AR,Credit Divas
377818264,8434,11800,14800,1.1397,12.5,2478.64,9130,10077,R,S2,611,2,22,9,2,7,LLC,0,0,72,Personal Services,42463,156100,65198,NJ,Loan Masters
64016903,18359,40000,47600,0.7714,12.5,2158.32,42146.16,3112,R,S3,515,15,49,30,1,10,LLC,0,0,50,Wholesale Trade-Durable Goods,7991,66700,34891,MN,Loan Masters
250211257,100334,146400,181536,1.1054,12.5,21667.2,96259,108271.143,O,S4,680,7,48,12,0,2,LLC,10,2,53,General Merchandise Stores,27174,145300,49840,FL,Credit Divas
266316217,16518,45800,54502,0.6061,12.5,4948.88,36057.88,36058,O,S4,528,2,18,13,4,3,LLC,1,1,58,Eating and Drinking Places,28628,99000,34909,WI,Loan Masters
260114340,15352,28100,34422.5,0.8920,12.5,5704.3,18148.12,18148.2222,O,S3,659,3,10,3,6,1,LLC,0,0,56,Apparel and Accessory Stores,28009,112800,37954,SC,Loan Masters
56713565,12602,42600,52824,0.4771,12.5,6777.66,27434.6,33443.25,O,S4,468,12,16,6,5,2,LLC,0,7,58,Eating and Drinking Places,7148,85800,32529,NY,Loan Masters
459212486,54320,93600,116064,0.9360,12.5,13852.8,73288.68,73288.8889,O,S4,742,3,18,6,0,0,LLC,0,0,58,Eating and Drinking Places,97086,1000001,49733,NY,Loan Masters
138311980,118144,186000,218550,1.0812,5,17577,502079.64,502079.5,O,S4,686,2,9,2,1,0,LLC,2,0,54,Food Stores,16991,139100,37277,DC,Loan Masters
212619635,912,8000,9920,0.1839,12.5,1924,6365.9,7916,O,S1,527,6,28,12,4,5,LLC,3,1,75,Auto Repair Services and Parking,23823,156300,26120,MA,Loan Masters
248419858,14860,26800,31624,0.9398,12.5,2915.84,20641.9,20642,O,S3,645,7,34,24,0,9,S-Corp,0,0,72,Personal Services,26994,83500,37621,FL,Loan Masters
310716194,7923,21000,26040,0.6085,12.5,4662,23844.82,34813.3333,O,S3,588,2,7,2,1,2,LLC,3,0,52,Building Materials and Hardware,32832,111500,50206,NJ,Credit Divas
242919015,17505,27800,34472,1.0156,12.5,4114.4,18289.82,20407,O,S3,607,8,28,14,0,3,S-Corp,0,0,75,Auto Repair Services and Parking,26420,143300,58027,MD,Credit Divas
90715421,4217,6000,7140,1.1812,12.5,662.4,8903.72,8903.66667,R,S1,625,5,46,26,0,8,LLC,2,0,80,Health Services,11648,412600,106973,NY,Credit Divas
82918593,5057,9800,11662,0.8673,12.5,1081.92,10409.96,10409.9776,R,S2,478,4,32,4,19,4,S-Corp,1,0,53,General Merchandise Stores,10702,100200,44979,IN,Credit Divas
376614078,23438,76000,89000,0.5267,12.5,5317,77546.36,77546.5,O,S4,588,10,12,4,1,3,LLC,1,17,58,Eating and Drinking Places,42117,237700,38674,NY,Loan Masters
431014749,21311,36200,40906,1.0419,5,456.12,82276.88,82276.88,O,S3,580,2,32,17,0,2,LLC,0,0,75,Auto Repair Services and Parking,55760,161100,62258,DE,Loan Masters
115911832,24216,39400,46295,1.0462,12.5,3191.4,35375.34,35375.1667,O,S3,596,19,19,7,1,4,LLC,4,6,73,Business Services,14534,113900,44814,NY,Loan Masters
56110302,11845,34000,39950,0.5930,7.5,2380,81912,125684.333,O,S3,449,9,34,13,10,1,LLC,1,0,58,Eating and Drinking Places,7044,75700,33852,TN,Loan Masters
294918912,28092,52800,62040,0.9056,12.5,6237,47593.88,47594,O,S4,558,9,22,11,3,6,LLC,6,12,56,Apparel and Accessory Stores,31394,84100,30365,FL,Loan Masters
114413701,2727,9000,11475,0.4753,12.5,1883.24,6034.12,7615.5,O,S2,472,1,15,5,2,7,S-Corp,1,2,58,Eating and Drinking Places,14498,131100,50250,NJ,Credit Divas
258718223,67152,137000,157550,0.8525,10,5480,154752.36,154754.398,O,S4,490,6,24,12,6,10,LLC,2,2,99,Other,27857,179800,72839,NY,Loan Masters
405915487,5289,9200,11408,0.9272,12.5,1361.6,6163.04,8156.57143,O,S2,613,5,26,14,3,8,LLC,2,0,41,Local/Suburban Transit and Highway Passenger,47283,168200,37067,MA,Credit Divas
386511709,43278,91000,109200,0.7926,12.5,11466,115683.2,86669,R,S4,635,3,35,18,0,3,LLC,1,0,83,Social Services,43858,170200,68660,OH,Credit Divas
318111674,2620,9000,10710,0.4893,12.5,1242,6359.58,6359.33333,O,S2,575,5,12,8,2,7,LLC,0,1,75,Auto Repair Services and Parking,33667,58200,31849,FL,Credit Divas
415417958,9184,14200,17608,1.0432,12.5,2101.6,9446.36,9446.5,O,S2,655,18,22,14,0,3,LLC,1,6,59,Miscellaneous Retail Stores,50500,76700,22072,FL,Credit Divas
351915636,5105,14400,17136,0.5958,12.5,1987.2,11344.46,12367.25,O,S2,464,3,38,17,6,2,LLC,3,0,59,Miscellaneous Retail Stores,38168,310000,100938,IL,Credit Divas
275113801,3738,5400,6696,1.1165,12.5,1198.8,4270.92,4271,O,S1,612,18,30,14,0,4,S-Corp,1,0,72,Personal Services,29492,203100,66979,CT,Credit Divas
17713537,5498,14200,16898,0.6507,12.5,1567.68,14124,16378.6667,R,S2,507,14,45,33,2,8,LLC,1,1,75,Auto Repair Services and Parking,1498,167100,51750,NJ,Credit Divas
240512081,10395,28400,33796,0.6152,12.5,3919.2,22376.12,22376,O,S3,508,3,18,9,3,4,LLC,0,0,58,Eating and Drinking Places,26215,118600,26453,FL,Credit Divas
94217430,13822,26800,33232,0.8318,12.5,3173.12,24064,24064,O,S3,729,2,34,17,0,0,LLC,1,0,55,Automotive Dealers and Service Stations,12153,133200,53373,NJ,Credit Divas
335215203,2109,7200,8928,0.4724,12.5,1065.6,4762.04,4762,O,S1,496,9,11,7,1,4,S-Corp,1,0,58,Eating and Drinking Places,35722,91600,35635,NY,Credit Divas
248315630,5281,31600,39184,0.2695,12.5,4676.8,20759.48,20759.6,O,S3,521,2,4,1,1,0,LLC,1,0,54,Food Stores,26993,69400,31520,OH,Credit Divas
101516316,12458,30000,35250,0.7068,12.5,2430,150152.02,115855.385,O,S3,634,2,43,27,1,4,LLC,2,0,58,Eating and Drinking Places,13123,223500,61114,FL,Loan Masters
135710168,26078,52000,62400,0.8358,12.5,8554,34789.38,36238.8571,O,S4,527,3,31,21,2,4,LLC,1,0,58,Eating and Drinking Places,16781,135100,58105,AL,Loan Masters
306814451,32401,68800,85312,0.7596,12.5,8145.92,46926.8,51331.5,R,S4,658,10,28,12,0,1,LLC,5,0,51,Wholesale Trade-Nondurable Goods,32493,114600,45018,MI,Credit Divas
172416558,54150,125200,153370,0.7061,12.5,12707.8,80754.82,80755,O,S4,538,9,6,2,3,2,S-Corp,0,0,58,Eating and Drinking Places,20201,77700,28616,NC,Loan Masters
176913176,6613,13600,15980,0.8277,15,367.2,11806,11806,R,S2,580,8,3,0,3,0,LLC,1,2,56,Apparel and Accessory Stores,20544,141900,46629,NC,Loan Masters
306111683,13782,28600,34043,0.8097,12.5,4157.88,22294.28,30081.6667,O,S3,619,1,37,18,0,2,LLC,0,0,17,Construction-Special Trade Contractors,32411,143000,53814,GA,Loan Masters
299819785,10141,15400,18326,1.1067,12.5,1700.16,15902,18524,R,S2,651,20,36,20,0,1,LLC,3,0,58,Eating and Drinking Places,31853,120000,39075,PA,Credit Divas
346812712,28517,50400,58212,0.9798,10,1980.72,143966,206986,R,S4,720,15,32,19,0,0,LLC,0,2,76,Miscellaneous Repair Services,37258,218600,54897,MA,Loan Masters
322610375,10916,17600,21824,1.0004,12.5,2083.84,15294,17757.3333,R,S2,473,3,17,10,3,5,S-Corp,0,0,72,Personal Services,34424,121500,41580,MO,Credit Divas
250118614,2390,6600,7854,0.6086,12.5,182.16,14530.56,14530.56,R,S1,436,4,20,3,11,5,LLC,0,0,75,Auto Repair Services and Parking,27143,144600,30876,NC,Loan Masters
123418507,58268,117200,139468,0.8356,12.5,12938.88,99518,99511.1269,R,S4,625,21,24,9,0,2,LLC,0,0,58,Eating and Drinking Places,15495,174900,52388,FL,Credit Divas
298114345,2475,15200,17480,0.2832,10,1185.6,14898.28,14897.9175,O,S2,628,2,11,1,0,1,LLC,1,0,58,Eating and Drinking Places,31682,107800,41435,NC,Credit Divas
90814953,32997,61000,72590,0.9091,12.5,8418,48347.66,48347.3333,O,S4,575,7,16,9,3,6,LLC,1,3,59,Miscellaneous Retail Stores,11665,122300,42341,NJ,Credit Divas
50312045,11269,29000,35960,0.6268,12.5,4292,19036.14,19036,O,S3,512,6,32,24,3,7,LLC,0,0,73,Business Services,6210,161500,42359,FL,Credit Divas
170211755,9202,21600,26784,0.6871,12.5,3516.48,25758,25758,R,S3,584,2,27,14,4,8,LLC,1,0,56,Apparel and Accessory Stores,19891,80200,32997,OH,Credit Divas
44819690,13141,24000,28200,0.9320,12.5,1296,23588,42657,R,S3,545,12,27,14,0,6,S-Corp,3,0,75,Auto Repair Services and Parking,5450,78800,32886,OH,Loan Masters
18511872,3531,11200,13600,0.5193,12.5,1640,11516,12967.3333,R,S2,586,9,18,8,1,3,LLC,0,2,54,Food Stores,1586,47100,30122,MO,Loan Masters
202419940,48523,1.00E+05,121500,0.7987,12.5,6990,67637.56,77510.7231,O,S4,597,2,8,1,1,1,LLC,3,1,41,Local/Suburban Transit and Highway Passenger,22801,70800,27056,FL,Loan Masters
317119608,28018,49200,57810,0.9693,7.5,6309.9,79142.2,90212.5997,O,S4,537,6,26,19,1,9,LLC,0,0,7,Agricultural Services,33557,255700,74655,MD,Loan Masters
203219546,7222,18800,23500,0.6146,12.5,3807,13942,16157.5,R,S2,613,11,6,1,0,0,LLC,0,1,58,Eating and Drinking Places,22872,68000,34724,MS,Loan Masters
346614225,94607,140000,175000,1.0812,12.5,16800,116773.92,31250,R,S4,639,21,22,13,0,2,LLC,0,0,54,Food Stores,37251,107200,37616,AL,Loan Masters
362819144,7409,12400,14756,1.0042,12.5,342.24,11944,17606,R,S2,496,1,36,22,3,8,LLC,3,1,57,Home Furniture and Furnishings Stores,39677,131700,50107,SC,Loan Masters
185819254,24976,78200,96968,0.5151,12.5,11573.6,51504.62,51504.4,O,S4,493,3,58,33,2,8,LLC,3,1,51,Wholesale Trade-Nondurable Goods,21293,108900,36335,FL,Credit Divas
440012950,16525,30000,37200,0.8884,12.5,4440,19692.44,19693,O,S3,662,3,28,25,0,6,LLC,3,1,58,Eating and Drinking Places,60460,149000,56128,NY,Credit Divas
201912675,24275,40200,47838,1.0149,12.5,4438.08,35000,16951.3333,R,S3,665,13,18,13,0,3,LLC,1,2,57,Home Furniture and Furnishings Stores,22779,105500,41592,FL,Credit Divas
41719604,6610,12200,14518,0.9106,12.5,1683.6,9609.92,18472.6667,O,S2,544,5,34,20,6,3,LLC,2,0,79,Amusement and Recreational Services,5049,140500,58681,PA,Credit Divas
167310974,1117,3304,3931.76,0.5682,12.5,455.96,2717.96,2718,O,S1,512,8,24,11,10,7,S-Corp,1,0,80,Health Services,19604,69700,27856,MS,Credit Divas
333112496,5053,9200,10810,0.9349,12.5,745.2,9349.34,9349.33333,O,S2,545,3,32,19,5,6,LLC,0,0,72,Personal Services,35588,208300,50552,MD,Loan Masters
55114852,4553,11200,13888,0.6557,12.5,1326.08,13279.66,13280.7997,R,S2,515,9,27,14,4,5,LLC,0,4,79,Amusement and Recreational Services,6911,113200,41957,PA,Credit Divas
394613097,5496,11600,13630,0.8065,12.5,626.4,11758,9056,R,S2,582,13,3,1,1,0,LLC,1,2,56,Apparel and Accessory Stores,45055,100800,38190,FL,Loan Masters
399019783,40567,112000,135520,0.5987,12.5,7823.2,71833.62,71836.5181,O,S4,548,15,35,18,0,4,LLC,0,0,58,Eating and Drinking Places,45813,108100,38591,OH,Loan Masters
352915833,9250,18600,23064,0.8021,17.5,3578.64,10998,24196,R,S2,616,8,23,14,1,2,S-Corp,0,1,56,Apparel and Accessory Stores,38302,74600,30698,SC,Credit Divas
240618325,37691,130100,154168,0.4890,12.5,16932.42,101850.42,138029.385,O,S4,554,1,43,23,12,8,LLC,2,0,58,Eating and Drinking Places,26221,94700,39267,FL,Loan Masters
45410252,64557,129600,160704,0.8034,12.5,19180.8,85258.84,6295.36618,O,S4,606,31,21,7,0,4,LLC,0,0,79,Amusement and Recreational Services,5500,282400,62130,MA,Credit Divas
242011708,19818,40400,47470,0.8350,12.5,4772.26,36318.6,39244,O,S3,679,3,14,12,0,1,S-Corp,1,0,59,Miscellaneous Retail Stores,26401,65200,33962,PA,Loan Masters
281611269,12941,25000,29750,0.8700,12.5,690,37888,26923,R,S3,474,23,27,16,3,3,LLC,4,0,57,Home Furniture and Furnishings Stores,30161,152300,54517,IL,Loan Masters
151215645,48652,90000,105750,0.9201,7,7290,153970.96,153971.4,O,S4,598,7,16,6,8,5,LLC,7,1,59,Miscellaneous Retail Stores,18002,113500,35814,FL,Loan Masters
171313457,21577,33900,40510.5,1.0653,12.5,2034,32702.12,41060.7342,O,S3,625,3,33,17,0,1,LLC,3,3,58,Eating and Drinking Places,20025,290700,81180,MO,Loan Masters
257717358,6295,11500,14087.5,0.8937,12.5,1167.26,7397.38,8026.5,O,S2,578,1,6,3,1,1,LLC,0,0,47,Transportation Services,27815,111800,51080,FL,Loan Masters
37117839,10132,18200,21385,0.9476,12.5,1965.6,16364.8,16364.6667,O,S2,514,5,30,15,3,8,S-Corp,0,0,54,Food Stores,4481,92900,46994,OH,Loan Masters
157317300,30090,42000,50820,1.1842,12.5,2933.7,27182.92,27182.3377,O,S4,706,4,40,13,0,0,LLC,0,0,99,Other,18583,73300,34588,MI,Loan Masters
403419578,27303,59500,70805,0.7712,12.5,8211,54730.62,54730,O,S4,495,3,37,23,1,4,LLC,1,0,58,Eating and Drinking Places,46561,290000,42106,DC,Credit Divas
341819108,6827,15356,18043.3,0.7567,12.5,829.22,27280,56430,R,S2,639,6,23,14,0,8,LLC,1,0,58,Eating and Drinking Places,36568,63300,32796,IL,Loan Masters
219816888,1216,4000,4700,0.5174,12.5,472.5,5693.8,5693.875,O,S1,541,2,7,3,1,2,LLC,3,0,59,Miscellaneous Retail Stores,24394,91900,32342,FL,Loan Masters
221916989,6732,23000,27025,0.4982,12.5,1397.26,17315.38,28161.2594,O,S3,483,3,34,15,13,15,LLC,0,0,59,Miscellaneous Retail Stores,24552,98300,37333,CT,Loan Masters
23610456,11225,32000,37600,0.5971,12.5,3780,28606.72,2653.66379,O,S3,516,6,18,5,2,6,LLC,0,0,54,Food Stores,2289,60900,31987,LA,Loan Masters
158210533,11461,41000,48175,0.4758,15,1107,30897.96,30898,R,S3,531,10,13,7,4,4,LLC,2,0,70,Hotels Rooming and Other Lodging Places,18684,173000,31843,FL,Loan Masters
303811582,12660,64400,75670,0.3346,12.5,3912.3,58044,45064,R,S4,496,6,5,0,4,0,LLC,0,0,82,Educational Services,32159,203000,65596,NY,Loan Masters
423017576,6915,15000,18375,0.7527,12.5,1848.76,10263.14,12030.75,O,S2,613,13,2,1,0,0,LLC,2,1,53,General Merchandise Stores,52892,89400,36341,FL,Loan Masters
305518322,7039,10400,12220,1.1520,12.5,1123.2,8071.22,11907,O,S2,670,9,19,8,1,1,LLC,3,0,75,Auto Repair Services and Parking,32399,151500,57986,WI,Loan Masters
213919074,2332,6000,7650,0.6097,12.5,883.5,4732.84,4733,R,S1,633,12,24,5,19,1,S-Corp,0,2,59,Miscellaneous Retail Stores,23867,85500,40273,LA,Credit Divas
195918840,9800,47400,56406,0.3475,12.5,6541.2,43551.76,48367.7778,O,S4,470,23,23,1,6,11,LLC,0,0,57,Home Furniture and Furnishings Stores,22330,104900,36427,NC,Credit Divas
249116224,7252,20000,24800,0.5848,12.5,2960,13108.58,16531.6,O,S2,545,23,15,8,4,4,S-Corp,0,0,50,Wholesale Trade-Durable Goods,27062,111300,32820,NC,Credit Divas
46711646,4056,7200,8820,0.9197,12.5,1461.6,7978,10202.5,O,S1,672,1,15,9,0,2,LLC,0,0,72,Personal Services,5646,123200,57886,IA,Loan Masters
36710524,17459,26000,30940,1.1286,12.5,3588,20400.12,20398.2421,O,S3,643,9,18,12,2,2,LLC,1,0,99,Other,4413,256600,41981,AL,Credit Divas
166215368,3922,14000,16520,0.4748,12,1904,10324.16,10324,O,S2,544,3,16,6,9,6,LLC,2,0,58,Eating and Drinking Places,19417,105400,34656,LA,Loan Masters
337119895,20790,41600,51584,0.8061,12.5,6156.8,27336.84,27108.3333,O,S4,620,3,15,6,1,5,LLC,1,0,75,Auto Repair Services and Parking,36033,97600,35859,LA,Credit Divas
336310934,5971,11800,14455,0.8262,12.5,1882.1,10134,10134,R,S2,663,12,30,15,0,0,LLC,0,0,59,Miscellaneous Retail Stores,35885,77700,34433,GA,Loan Masters
223713807,1451,4100,4817.5,0.6024,12.5,387.46,3688.44,4389,O,S1,537,2,17,8,2,4,S-Corp,0,0,50,Wholesale Trade-Durable Goods,24762,78800,25504,WV,Loan Masters
294214187,17087,39800,46765,0.7308,12.5,2686.5,46024.06,46024.06,R,S3,549,7,31,17,5,7,LLC,2,2,75,Auto Repair Services and Parking,31336,106000,49350,VA,Loan Masters
288018572,4366,13800,17112,0.5103,12.5,2042.4,9129.88,9129.71429,O,S2,451,3,17,7,6,4,S-Corp,0,0,73,Business Services,30762,46500,27485,NJ,Credit Divas
257315897,3113,7400,8806,0.7070,12.5,816.96,11125.94,7942.69957,R,S1,537,62,40,12,5,10,LLC,1,1,75,Auto Repair Services and Parking,27796,65500,20148,FL,Credit Divas
166014384,25031,50200,58985,0.8487,12.5,4066.2,48447.4,47035.8333,O,S4,633,10,37,19,0,1,LLC,0,2,53,General Merchandise Stores,19410,88500,32351,FL,Loan Masters
21217420,15484,31200,38688,0.8005,12.5,4963.92,20123.34,20123.5,O,S3,622,1,46,28,1,1,LLC,3,0,53,General Merchandise Stores,1875,122300,53454,WI,Loan Masters
390814667,687,3000,3570,0.3849,12.5,414,4515.2,4515.2,O,S1,500,2,2,1,1,1,LLC,4,1,72,Personal Services,44535,82800,40064,NY,Credit Divas
41119764,590,6400,7552,0.1563,12.5,609.28,5754.86,10481.3333,O,S1,496,1,16,8,6,7,LLC,0,0,58,Eating and Drinking Places,4981,95000,40580,NH,Loan Masters
336719264,7314,20000,22800,0.6416,12.5,768,26865.42,30266.9936,R,S2,633,9,19,4,1,7,LLC,1,0,57,Home Furniture and Furnishings Stores,35933,133900,50478,IN,Credit Divas
315413571,1888,6200,7347,0.5140,12.5,870.64,4895.62,10723.2,O,S1,596,5,15,8,4,6,LLC,1,0,41,Local/Suburban Transit and Highway Passenger,33342,96300,39651,FL,Loan Masters
80318853,8941,18000,21420,0.8348,12.5,2484,14126.6,14126.6667,O,S2,547,9,53,33,2,1,LLC,8,0,64,Insurance Agents Brokers and Services,10360,186600,64250,NY,Credit Divas
447013847,9781,24200,28435,0.6880,12.5,2613.6,23412.48,23412.4,O,S3,647,29,24,15,0,5,LLC,4,0,41,Local/Suburban Transit and Highway Passenger,65469,79800,25557,FL,Loan Masters
289810411,57612,93800,116312,0.9906,12.5,14923.58,60410.86,60410.6667,O,S4,558,4,49,33,0,1,LLC,1,0,58,Eating and Drinking Places,30854,152800,62017,SC,Loan Masters
321513739,7979,26600,32984,0.4838,13.5,3149.44,18641.58,25788,R,S3,519,14,9,3,7,10,LLC,1,2,58,Eating and Drinking Places,34170,92900,29150,PA,Credit Divas
240810325,1582,3400,4046,0.7820,12.5,375.36,4625.6,5975.62479,R,S1,530,19,25,8,2,8,S-Corp,2,0,56,Apparel and Accessory Stores,26230,105800,46952,MN,Credit Divas
29411478,5207,13000,16120,0.6460,12.5,1539.2,9156,8309.6,R,S2,535,8,9,5,2,4,LLC,1,0,58,Eating and Drinking Places,3320,48700,32315,MI,Credit Divas
143411305,6634,14000,16660,0.7964,12.5,1545.6,41833.06,20354,R,S2,527,5,18,10,9,14,LLC,0,0,41,Local/Suburban Transit and Highway Passenger,17354,158300,66844,NJ,Credit Divas
278411302,2738,7000,8330,0.6574,12.5,966,6675,6675,O,S1,455,10,119,75,43,51,LLC,1,13,75,Auto Repair Services and Parking,29924,104200,45461,IN,Credit Divas
244514432,3238,9400,11045,0.5863,12.5,761.4,8460.98,8820,O,S2,513,2,28,12,11,7,LLC,0,0,72,Personal Services,26530,133000,38244,FL,Loan Masters
84816034,18599,36000,42300,0.8794,12.5,2916,38987.5,38987.4286,O,S3,606,4,43,32,2,4,LLC,1,0,75,Auto Repair Services and Parking,11076,162700,59707,OH,Loan Masters
70418067,50900,83600,103664,0.9820,12.5,12372.8,55031.1,55031.3333,O,S4,588,1,37,22,0,1,S-Corp,1,0,75,Auto Repair Services and Parking,9160,153700,62950,NY,Loan Masters
47919304,12037,30600,36414,0.6611,17.5,3378.24,17300,30521,R,S3,619,4,12,5,0,1,S-Corp,1,0,52,Building Materials and Hardware,5835,110500,47649,IA,Credit Divas
381718197,16013,36600,43554,0.7353,12.5,4040.64,50009.12,65052,R,S3,587,3,25,20,0,11,S-Corp,0,0,58,Eating and Drinking Places,43167,140400,47162,CT,Credit Divas
441418597,19050,42000,50820,0.7497,12.5,7604.1,32905.28,32905.2308,O,S4,553,3,7,2,0,5,LLC,1,0,57,Home Furniture and Furnishings Stores,61288,123000,47332,FL,Loan Masters
252014675,10882,17000,20485,1.0624,12.5,2876.4,15801.4,15801.4667,O,S2,675,5,29,17,0,0,S-Corp,0,0,57,Home Furniture and Furnishings Stores,27279,96800,41450,TN,Loan Masters
319417397,20706,60000,70500,0.5874,12.5,1620,66253.84,132852,R,S4,588,7,16,1,0,0,LLC,6,1,76,Miscellaneous Repair Services,33833,291500,33784,FL,Loan Masters
119217341,27793,45600,56544,0.9831,7.5,6748.8,49937.72,57042.25,O,S4,629,4,5,1,1,0,LLC,1,0,51,Wholesale Trade-Nondurable Goods,14975,210700,70630,NY,Credit Divas
153519647,15151,30800,36960,0.8199,12.5,4958.8,24163.3,24163.4286,O,S3,636,4,15,8,0,1,LLC,1,0,72,Personal Services,18168,134600,50538,NC,Loan Masters
275011633,6471,12200,14518,0.8914,12.5,1346.88,20474,25699.3333,R,S2,642,8,36,24,0,1,LLC,1,0,7,Agricultural Services,29483,83500,41354,FL,Credit Divas
36315588,9248,15200,18500,0.9998,12.5,2834,19552,19552,R,S2,515,6,13,7,2,7,LLC,1,0,75,Auto Repair Services and Parking,4348,128600,37934,ME,Loan Masters
207319416,7147,12400,14632,0.9769,12.5,744,12126.9,12126.5,O,S2,504,3,27,21,3,6,S-Corp,0,0,72,Personal Services,23249,133900,60039,VA,Loan Masters
385818612,11683,28800,34560,0.6761,12.5,4537.44,22449.68,26035.6667,O,S3,575,8,19,6,0,5,LLC,4,0,75,Auto Repair Services and Parking,43814,115900,28980,FL,Loan Masters
204611627,35443,80000,94000,0.7541,7.5,6480,150986.98,133862,O,S4,652,2,25,11,0,0,LLC,2,0,58,Eating and Drinking Places,22999,100400,42185,FL,Loan Masters
212810376,2927,6800,8194,0.7144,12.5,743.06,4429.72,5076.33333,O,S1,465,11,11,0,9,1,LLC,0,0,56,Apparel and Accessory Stores,23824,82900,35619,TN,Loan Masters
52812669,6164,18400,21896,0.5630,9,2031.36,23564.4,23564.3786,R,S2,515,5,17,4,8,6,LLC,0,0,58,Eating and Drinking Places,6625,70000,33832,IA,Credit Divas
264613120,11785,25000,31000,0.7603,12.5,3700,16473.76,16473.3333,O,S3,588,6,21,14,4,11,LLC,1,0,72,Personal Services,28499,89900,35240,FL,Credit Divas
369912641,13061,24000,29520,0.8849,12.5,3679.2,15370.22,15370,O,S3,494,4,22,12,6,8,S-Corp,4,0,58,Eating and Drinking Places,40843,75900,40316,IA,Loan Masters
426414798,2636,4200,4998,1.0548,12.5,463.68,3400,3305.5,R,S1,551,7,43,16,15,14,S-Corp,2,0,72,Personal Services,54395,76500,36925,OH,Credit Divas
282513733,29933,55000,66200,0.9043,12.5,3838.26,35313.7,35313.6407,O,S4,625,2,27,11,1,3,LLC,1,0,59,Miscellaneous Retail Stores,30273,204600,47722,MA,Loan Masters
121315265,3804,8400,9870,0.7708,12.5,907.2,6429.38,6429,O,S1,582,1,33,22,0,1,S-Corp,0,0,54,Food Stores,15206,136800,54481,PA,Loan Masters
362511870,44066,64000,76800,1.1476,9,1280,53983.48,53984,R,S4,575,10,26,18,5,5,LLC,2,0,79,Amusement and Recreational Services,39662,165100,53352,MI,Loan Masters
227219529,7885,13000,15275,1.0324,12.5,1053,11761.52,11761.3333,O,S2,591,8,33,13,0,3,S-Corp,1,0,72,Personal Services,25020,159400,40981,FL,Loan Masters
412719470,13516,29800,34717,0.7786,12.5,2972.56,22670.6,22670.6667,O,S3,580,1,10,5,2,3,LLC,0,0,54,Food Stores,49368,128200,38188,NJ,Credit Divas
192019964,53492,86600,107384,0.9963,12.5,12816.8,78479.18,78478.8,O,S4,693,7,16,9,0,0,LLC,7,3,55,Automotive Dealers and Service Stations,21838,105800,49960,NJ,Credit Divas
349814460,10085,26400,31020,0.6502,12.5,2494.8,23855.28,26152.5714,O,S3,448,2,7,2,4,2,S-Corp,0,0,58,Eating and Drinking Places,37856,92200,35101,VA,Loan Masters
291010775,4386,10000,12250,0.7161,17.5,200,13776,20050,R,S2,507,7,35,14,18,8,LLC,1,1,72,Personal Services,31032,69200,29274,IN,Loan Masters
148317342,10714,21000,26040,0.8229,12.5,3108,14067.92,14068,O,S3,505,12,15,7,5,2,LLC,1,0,58,Eating and Drinking Places,17839,99400,43321,GA,Credit Divas
144614652,21563,44800,55552,0.7763,12.5,9945.6,41365.08,41365,O,S4,503,6,30,15,4,4,LLC,0,0,53,General Merchandise Stores,17386,161200,56381,FL,Credit Divas
244116674,1049,3200,3808,0.5509,10,441.6,3828,3828,O,S1,588,3,12,6,4,3,LLC,0,0,72,Personal Services,26525,162000,40788,RI,Credit Divas
265117647,15615,50000,57500,0.5431,11,3900,42795.4,47361.6667,O,S4,548,2,13,5,5,4,LLC,1,0,58,Eating and Drinking Places,28554,257000,46841,FL,Credit Divas
394518130,18428,30800,38192,0.9650,12.5,3569.22,20350.5,20350.5,O,S3,630,2,23,10,1,0,LLC,2,0,53,General Merchandise Stores,45055,100800,38190,FL,Loan Masters
202812929,7378,18200,22568,0.6538,12.5,2693.6,11975.28,11975.2,O,S2,636,2,15,4,0,0,LLC,1,0,58,Eating and Drinking Places,22809,198100,46809,IL,Credit Divas
28416070,6892,11400,14136,0.9751,12.5,1349.76,7480.52,1772.71744,R,S2,618,7,33,14,0,6,S-Corp,7,0,76,Miscellaneous Repair Services,3206,118000,40625,NC,Credit Divas
315212069,6184,7200,8460,1.4619,12.5,388.8,7916,10468,R,S1,503,21,16,3,5,4,S-Corp,1,0,58,Eating and Drinking Places,33322,91400,40113,OH,Loan Masters
405110063,26687,183000,210450,0.2536,12.5,10980,158611.38,187332,O,S4,577,6,19,8,1,1,LLC,7,0,57,Home Furniture and Furnishings Stores,47044,51900,30099,PA,Loan Masters
74215233,16933,26000,30550,1.1085,12.5,520,23136.38,23631.231,R,S3,553,19,32,15,2,14,S-Corp,1,0,59,Miscellaneous Retail Stores,9520,577500,55522,MA,Loan Masters
187916276,6276,13600,16184,0.7756,12.5,1469.54,11646.32,11646,O,S2,560,3,18,5,4,6,LLC,1,0,56,Apparel and Accessory Stores,21516,88300,39253,GA,Loan Masters
94318460,8386,14000,17150,0.9780,12.5,2283.76,14228.48,34288,R,S2,568,22,19,5,0,9,LLC,1,0,47,Transportation Services,12164,133900,47788,AR,Loan Masters
226813303,2485,7000,8330,0.5966,12.5,579.6,6474,7976,O,S1,421,40,13,5,8,2,S-Corp,3,3,72,Personal Services,25001,94900,19127,NJ,Loan Masters
254713146,24701,48500,60140,0.8214,12.5,7178,31918.98,31918.6667,O,S4,596,9,13,5,1,2,LLC,3,1,75,Auto Repair Services and Parking,27457,80600,32124,GA,Credit Divas
100219782,2807,7600,9044,0.6207,12.5,821.22,6008.54,6008.66667,O,S1,539,2,12,6,0,6,LLC,2,0,59,Miscellaneous Retail Stores,12963,107000,50736,GA,Loan Masters
215012635,5001,7800,9672,1.0341,12.5,923.52,10722.86,10774,R,S1,617,5,26,17,0,14,S-Corp,1,0,72,Personal Services,23913,163600,64447,FL,Credit Divas
232519747,2702,6200,7688,0.7029,12.5,917.6,4107.34,4107.33333,O,S1,547,7,40,28,5,8,LLC,3,0,80,Health Services,25292,95100,42497,FL,Credit Divas
224317206,5081,8000,9520,1.0674,12.5,220.8,22972,22972,R,S1,662,10,24,12,0,2,LLC,1,0,75,Auto Repair Services and Parking,24775,77300,23903,TN,Loan Masters
301119378,48237,131000,162440,0.5939,12.5,15200.2,84393.4,84390.976,O,S4,516,1,15,10,3,6,LLC,1,0,54,Food Stores,31972,201000,65106,OH,Loan Masters
118818123,7514,18400,21896,0.6863,12.5,2031.36,14485.2,14485.2225,R,S2,458,3,34,26,14,28,S-Corp,0,7,55,Automotive Dealers and Service Stations,14918,117700,46526,ME,Credit Divas
396110510,2578,11600,14790,0.3486,12.5,2427.3,8128.54,12257.2857,O,S2,620,3,3,1,1,0,LLC,1,0,41,Local/Suburban Transit and Highway Passenger,45224,93800,32159,FL,Credit Divas
160317065,3968,9600,12240,0.6484,12.5,2008.8,6371.6,6371.6,O,S2,575,3,12,3,6,1,S-Corp,1,0,56,Apparel and Accessory Stores,18900,94200,27255,LA,Credit Divas
388910357,7557,16000,18800,0.8039,12.5,1296,23539.92,20098.3636,O,S2,580,1,28,11,10,4,LLC,0,0,53,General Merchandise Stores,44142,145700,44400,FL,Loan Masters
50117726,84671,154000,184800,0.9164,12.5,12936,101376.82,107270.333,O,S4,662,11,34,14,1,7,LLC,0,0,58,Eating and Drinking Places,6203,215400,62420,NJ,Credit Divas
398513496,19188,88000,109120,0.3517,12.5,13024,57864.96,57864.5,O,S4,465,8,19,4,9,3,LLC,2,3,56,Apparel and Accessory Stores,45702,113300,55966,FL,Credit Divas
350814217,12987,21400,26536,0.9788,12.5,3167.2,14109,14109,O,S3,608,18,25,12,1,3,LLC,0,0,72,Personal Services,38026,244900,74335,IL,Credit Divas
119312440,3139,15000,17625,0.3562,12.5,1417.5,12686.52,12687,O,S2,548,3,17,3,10,2,LLC,0,2,58,Eating and Drinking Places,15018,99400,47968,SC,Loan Masters
105418969,3909,12600,15624,0.5004,12.5,2424.24,11615.08,15804.3333,R,S2,453,23,13,6,3,7,S-Corp,5,0,75,Auto Repair Services and Parking,13570,57600,12219,OH,Credit Divas
233210765,7063,11300,13560,1.0417,12.5,949.2,7439.34,7439.33333,O,S2,648,5,27,9,0,0,S-Corp,0,0,36,Electronic and Other Electronic Equipment Manufacturers,25338,298500,65810,VA,Credit Divas
195417657,6085,15000,18600,0.6543,17.5,1776,8918,16692,R,S2,524,21,20,12,4,10,LLC,5,0,82,Educational Services,22300,78500,36025,IL,Credit Divas
52018729,4181,7400,8695,0.9617,12.5,499.5,8365.72,5252.50042,R,S1,629,11,31,10,1,5,LLC,5,7,72,Personal Services,6534,64300,30735,TN,Loan Masters
289915248,4639,8600,10664,0.8700,12.5,1272.8,5673.36,5673.66667,O,S2,516,20,20,11,6,7,LLC,2,2,57,Home Furniture and Furnishings Stores,30866,176200,77497,PA,Credit Divas
66112149,20097,43600,54064,0.7435,12.5,6452.8,28624.48,28624.6667,O,S4,619,8,7,3,2,2,LLC,2,1,51,Wholesale Trade-Nondurable Goods,8300,204500,78767,MO,Credit Divas
274715993,17095,32800,39032,0.8759,12.5,4526.4,25917.62,37404.0787,O,S3,683,4,40,20,0,0,LLC,2,0,58,Eating and Drinking Places,29456,206400,39625,MA,Credit Divas
62413410,27931,50000,59500,0.9389,7.5,5520,73600,100352.667,R,S4,598,10,11,4,0,4,LLC,0,0,58,Eating and Drinking Places,7792,285900,45974,NJ,Credit Divas
116914994,6525,14600,18104,0.7208,12.5,2160.8,9603.34,10021.3333,O,S2,510,5,16,2,1,1,S-Corp,0,0,57,Home Furniture and Furnishings Stores,14710,54700,26682,AL,Credit Divas
198415942,37294,72000,85680,0.8705,14,7948.8,56362,56362,R,S4,564,3,63,32,0,7,LLC,1,0,58,Eating and Drinking Places,22503,142500,57696,NJ,Credit Divas
171616405,30635,45400,53345,1.1486,12.5,3064.5,43831.66,50001,R,S4,618,9,4,1,0,0,LLC,1,4,41,Local/Suburban Transit and Highway Passenger,20064,99600,45075,NJ,Loan Masters
262719097,21945,40000,47000,0.9338,12.5,2160,93214.5,93214.5,R,S3,663,81,36,19,0,2,LLC,2,1,59,Miscellaneous Retail Stores,28295,167500,62404,MI,Loan Masters
376314325,105560,2.00E+05,238000,0.8871,7,21610.8,282355.44,282356,O,S4,665,4,30,12,0,3,LLC,0,0,58,Eating and Drinking Places,42068,152800,50807,MA,Loan Masters
227610927,51723,90000,104850,0.9866,7.5,2394,78578.16,78578,R,S4,611,7,7,4,1,0,LLC,1,0,73,Business Services,25042,708300,38304,NY,Loan Masters
389718404,2128,4000,4860,0.8757,12.5,586.3,4078,5885.33333,R,S1,602,8,6,1,3,2,LLC,1,0,58,Eating and Drinking Places,44321,234600,38482,NY,Loan Masters
327812435,24144,44600,55304,0.8731,12.5,6600.8,29334.08,29332.9422,O,S4,544,3,31,21,1,0,LLC,1,1,59,Miscellaneous Retail Stores,34956,295300,69097,MD,Credit Divas
369310889,6003,10000,12250,0.9801,12.5,1595,18256,18256,R,S2,579,5,26,15,2,6,LLC,1,2,58,Eating and Drinking Places,40827,120100,46828,TN,Loan Masters
34219981,6168,19000,23560,0.5236,12.5,3655.6,36205.2,21754,R,S2,463,14,18,11,5,6,LLC,2,0,73,Business Services,4017,110100,42391,NY,Credit Divas
438316102,2477,8700,10222.5,0.4846,12.5,704.7,7816.32,7816,O,S2,483,2,16,6,3,4,LLC,2,0,73,Business Services,59935,133300,52830,FL,Loan Masters
439716071,104468,196000,233240,0.8958,10,27048,378814.28,378814.286,O,S4,721,3,10,0,0,0,LLC,3,0,59,Miscellaneous Retail Stores,60392,126500,35647,NJ,Credit Divas
50911081,10111,19000,23560,0.8583,12.5,2812,12846.32,15162.6667,O,S2,616,12,9,2,1,2,LLC,0,0,55,Automotive Dealers and Service Stations,6344,416500,96879,MA,Credit Divas
210316405,8645,14000,16660,1.0378,12.5,1545.6,29671.18,31508,R,S2,661,10,41,20,0,0,LLC,6,0,59,Miscellaneous Retail Stores,23614,159500,57182,RI,Credit Divas
138818880,17976,36000,42300,0.8499,12.5,2916,28358.36,31479.75,O,S3,638,8,31,16,0,1,LLC,1,0,58,Eating and Drinking Places,17043,89600,29288,MA,Loan Masters
299712517,8647,14400,17136,1.0092,12.5,1589.76,14090,17748,R,S2,651,20,36,20,0,1,LLC,3,0,58,Eating and Drinking Places,31853,120000,39075,PA,Credit Divas
75310538,35508,91300,107277.5,0.6620,12.5,8627.86,82163.76,82164,O,S4,509,2,24,12,6,2,LLC,0,0,58,Eating and Drinking Places,9658,94000,49219,NY,Loan Masters
103913542,10444,29700,36828,0.5672,12.5,4395.6,21995.54,25907.5,O,S3,465,27,22,10,8,9,S-Corp,0,0,54,Food Stores,13366,82000,30176,AL,Credit Divas
78213123,5817,13800,17112,0.6799,12.5,2042.4,9037.06,9037.33333,O,S2,497,21,22,8,8,7,LLC,3,0,59,Miscellaneous Retail Stores,10018,73700,29371,VA,Credit Divas
53513513,4719,10600,13144,0.7180,12.5,1568.8,6985.82,6986,O,S2,643,4,3,2,0,3,LLC,1,0,72,Personal Services,6720,111000,39000,MD,Credit Divas
218618712,5856,9400,11186,1.0470,12.5,778.32,8987.84,8987.6,O,S2,609,2,22,10,0,4,LLC,2,0,79,Amusement and Recreational Services,24369,114600,41485,FL,Loan Masters
396510647,4370,10400,12896,0.6777,12.5,1539.2,6830.4,6830.5,O,S2,463,14,15,5,6,4,S-Corp,2,1,75,Auto Repair Services and Parking,45274,160300,63980,NJ,Credit Divas
310215122,9183,22000,25850,0.7105,12.5,2821.5,21325.24,13111.59,O,S3,614,5,27,8,1,4,LLC,0,0,41,Local/Suburban Transit and Highway Passenger,32820,160800,50880,NC,Loan Masters
11111827,1491,4000,4780,0.6238,12.5,111.2,4780,5506.5,R,S1,521,6,20,10,9,6,LLC,2,8,58,Eating and Drinking Places,183,71300,31875,PA,Loan Masters
226716062,2808,10200,12648,0.4440,12.5,1509.6,6660.22,6660,O,S2,574,6,5,0,4,0,LLC,0,0,59,Miscellaneous Retail Stores,24995,75400,35862,WV,Credit Divas
94516064,17708,35000,41650,0.8503,10,4830,34451.52,41376.6667,O,S3,596,8,11,4,2,3,LLC,1,4,75,Auto Repair Services and Parking,12223,110600,40331,VT,Credit Divas
214616419,2920,6200,7378,0.7915,12.5,171.12,10944.26,7813,R,S1,442,12,25,8,14,4,S-Corp,0,0,75,Auto Repair Services and Parking,23900,129800,48157,FL,Loan Masters
63518582,6470,11200,13440,0.9628,12.5,1254.4,8926.08,4236,R,S2,501,4,9,1,14,15,S-Corp,2,0,58,Eating and Drinking Places,7931,145100,55719,WI,Loan Masters
107216763,9941,17000,19975,0.9953,12.5,1721.26,15250.58,8222.22685,O,S2,612,2,34,19,1,6,LLC,1,0,54,Food Stores,13678,66600,30369,FL,Loan Masters
319214435,11182,23400,29016,0.7707,12.5,3463.2,15942.64,29118.5,O,S3,667,4,32,25,0,2,LLC,1,0,59,Miscellaneous Retail Stores,33819,109600,44101,IA,Loan Masters
43817214,7117,19900,24676,0.5768,12.5,2945.2,13080.16,8902.66667,O,S2,589,11,20,12,3,5,S-Corp,3,0,75,Auto Repair Services and Parking,5366,56400,34334,NY,Credit Divas
238512757,42084,60000,70800,1.1888,9.5,6528,73342.08,78281,O,S4,649,4,20,17,0,2,S-Corp,0,0,56,Apparel and Accessory Stores,26000,987500,58313,NY,Loan Masters
22415823,4925,10600,13144,0.7494,12.5,1568.8,7386.6,7387,O,S2,550,2,19,8,10,6,S-Corp,0,0,53,General Merchandise Stores,2104,116300,50197,VA,Credit Divas
287817353,15507,20400,24276,1.2776,12.5,2203.18,15748.58,15748.6667,O,S2,694,7,45,26,1,1,S-Corp,2,0,56,Apparel and Accessory Stores,30750,90200,35106,FL,Loan Masters
242811283,32546,56200,69688,0.9340,12.5,8317.6,36914.28,38750.3333,O,S4,650,17,36,21,4,3,LLC,1,0,72,Personal Services,26409,125700,43027,FL,Credit Divas
123819931,14273,37800,44982,0.6346,7.5,4173.12,155130,232048,R,S3,659,2,7,2,0,2,LLC,0,2,58,Eating and Drinking Places,15533,95700,43225,IN,Credit Divas
36811345,17447,41800,49742,0.7015,12.5,4614.72,48856.62,54720,R,S3,600,2,21,12,0,4,LLC,3,0,54,Food Stores,4441,113300,50313,NH,Credit Divas
355011393,5968,12000,14340,0.8324,12.5,240,26185.6,26185,R,S2,579,17,40,18,0,6,LLC,11,1,42,Motor Freight Transportation/Warehouse,38515,99500,35381,FL,Loan Masters
456713830,2819,14200,16898,0.3336,12.5,1959.6,13035.42,13893.5,O,S2,501,18,17,9,2,8,LLC,0,0,27,Printing Publishing and Allied Industries,85987,286700,26648,NY,Credit Divas
93418001,8053,29000,35960,0.4479,12.5,4292,19301.48,22040,O,S3,520,4,16,4,6,4,LLC,2,0,50,Wholesale Trade-Durable Goods,12027,85300,42182,NY,Credit Divas
79617154,5685,11200,13160,0.8640,12.5,302.4,18546.32,18544.6889,R,S2,615,6,25,21,1,20,LLC,1,0,58,Eating and Drinking Places,10243,107700,45672,PA,Loan Masters
114219044,11433,16000,19120,1.1959,12.5,960,17528.7,15032.4,R,S2,504,20,35,13,9,15,S-Corp,1,0,56,Apparel and Accessory Stores,14490,399600,62252,MO,Loan Masters
292017291,42212,84800,100912,0.8366,12.5,11702.4,66909.2,64167.7143,O,S4,584,17,33,18,0,10,LLC,1,2,58,Eating and Drinking Places,31101,110600,42326,MI,Credit Divas
216619249,44592,84200,100198,0.8901,12.5,9295.68,69838,63021.2,R,S4,653,11,37,21,6,3,LLC,1,0,57,Home Furniture and Furnishings Stores,24023,126100,56133,LA,Credit Divas
336218412,1974,12100,15427.5,0.2559,12.5,2531.92,7966,9955,O,S2,559,18,16,8,7,5,LLC,5,4,82,Educational Services,35863,118000,45331,IN,Credit Divas
395812993,21807,51400,61680,0.7071,12.5,4317.6,33841,35368.6667,O,S4,623,9,20,3,0,0,LLC,1,0,51,Wholesale Trade-Nondurable Goods,45224,93800,32159,FL,Credit Divas
305617957,24996,37400,44880,1.1139,12.5,3141.6,36036.12,36036,R,S3,524,36,46,20,4,5,LLC,0,0,58,Eating and Drinking Places,32399,151500,57986,WI,Loan Masters
142315238,17753,33400,38911,0.9125,12.5,888.44,62170,57927.6,R,S3,598,4,24,15,0,4,LLC,0,0,58,Eating and Drinking Places,17310,1000001,40932,NY,Loan Masters
83319677,2034,4200,4935,0.8243,12.5,496.12,3867.1,3867,O,S1,624,7,33,11,3,11,LLC,1,0,72,Personal Services,10763,133300,43326,LA,Loan Masters
131916174,2995,6000,7050,0.8496,12.5,486,5253.86,5254.66667,O,S1,562,21,46,29,1,3,S-Corp,1,0,75,Auto Repair Services and Parking,16291,81800,23891,NY,Loan Masters
452213765,17221,30200,35938,0.9584,12.5,4167.6,25540.46,25540.5455,O,S3,690,5,39,17,0,0,LLC,7,0,58,Eating and Drinking Places,72138,132300,20606,NY,Loan Masters
282117201,1052,3000,3570,0.5894,10,414,3041.78,3041.5,O,S1,511,7,32,20,7,10,LLC,1,0,72,Personal Services,30225,166200,69276,IL,Credit Divas
32511831,2236,10000,11900,0.3758,12.5,1380,10061.96,10755.3333,O,S2,468,5,12,3,4,2,LLC,2,0,58,Eating and Drinking Places,3744,255000,22875,GA,Credit Divas
66914286,12586,30600,37944,0.6634,12.5,4528.8,20201.26,20201.3333,O,S3,622,8,22,18,0,6,LLC,0,0,72,Personal Services,8377,121600,62604,VA,Credit Divas
160114199,234904,4.00E+05,476000,0.9870,12.5,43332,315301.82,315301.8,O,S4,687,3,30,12,0,1,LLC,1,1,58,Eating and Drinking Places,18872,95900,48898,AL,Loan Masters
56618294,8260,20600,24514,0.6739,12.5,2842.8,18933,18933,O,S2,489,3,33,11,6,5,LLC,14,0,72,Personal Services,7092,705800,126247,CT,Credit Divas
294013180,8283,14600,18108,0.9148,12.5,2167,9587.44,9587.5,O,S2,576,3,10,3,4,3,S-Corp,0,0,51,Wholesale Trade-Nondurable Goods,31330,117500,45379,GA,Credit Divas
277410250,24422,46000,54050,0.9037,12.5,3105,45639.4,112114,R,S4,616,5,17,14,1,9,LLC,4,0,50,Wholesale Trade-Durable Goods,29767,234300,88133,VA,Loan Masters
170815515,2005,4000,4780,0.8389,12.5,417,7027.56,7027.55196,R,S1,482,2,24,7,10,10,LLC,1,0,59,Miscellaneous Retail Stores,19975,149300,64482,LA,Loan Masters
435014053,4714,11200,13720,0.6872,12.5,1136.8,7222.28,7222.4,O,S2,693,6,30,18,0,1,LLC,1,0,58,Eating and Drinking Places,58259,160000,31348,NY,Loan Masters
373917482,1601,3200,3920,0.8168,12.5,417.6,3480,3480,R,S1,469,7,54,35,3,11,LLC,1,0,75,Auto Repair Services and Parking,41595,156700,61712,PA,Loan Masters
184017628,2549,5600,6580,0.7748,12.5,453.6,5134.36,6300.66667,O,S1,606,4,9,4,2,0,LLC,0,1,58,Eating and Drinking Places,21132,112400,46280,OH,Loan Masters
71015530,18482,40000,49900,0.7408,12.5,7923.5,41188,39823.6,R,S3,552,12,22,15,1,1,LLC,0,0,56,Apparel and Accessory Stores,9239,142500,57377,MN,Loan Masters
278013586,2295,13400,15946,0.2878,12.5,1849.2,10490.9,10491.3333,O,S2,521,18,22,18,1,6,LLC,5,7,57,Home Furniture and Furnishings Stores,29860,74600,29350,KY,Credit Divas
395115647,4536390,10400,12896,703.5344,12.5,1539.2,6869.34,6869.33333,O,S2,568,20,10,3,6,1,LLC,0,0,59,Miscellaneous Retail Stores,45096,257500,31571,IL,Credit Divas
393812884,5537,10000,12750,0.8685,12.5,1782.5,8476,6838.8,R,S2,446,5,19,4,15,3,S-Corp,1,4,56,Apparel and Accessory Stores,45015,121900,35227,NC,Credit Divas
86910500,5810,19200,22848,0.5086,12.5,2649.6,15213.66,15213.6667,O,S2,597,5,27,20,0,8,LLC,2,8,73,Business Services,11293,123300,38893,SC,Credit Divas
78714775,44830,81000,96390,0.9302,12.5,11178,63847.6,63847.6,O,S4,568,22,37,28,1,12,S-Corp,1,0,58,Eating and Drinking Places,10085,214100,43914,DE,Credit Divas
324210423,5359,11800,14042,0.7633,12.5,1302.72,9306,9839.5,R,S2,475,10,11,1,8,0,LLC,1,0,58,Eating and Drinking Places,34547,98900,26955,MO,Credit Divas
127913336,33415,52800,62040,1.0772,10,4276.8,59319.2,59317.845,O,S4,655,5,31,20,0,3,LLC,0,0,59,Miscellaneous Retail Stores,16010,134800,32199,MA,Loan Masters
224816094,30074,45000,57375,1.0483,12.5,9416.24,29673.6,29673.6,O,S4,635,3,36,24,0,4,LLC,1,0,58,Eating and Drinking Places,24808,183400,59196,MA,Credit Divas
332514342,2919,7400,8843,0.6602,12.5,148,7082.46,7082.66667,R,S1,517,9,32,7,3,6,LLC,1,0,75,Auto Repair Services and Parking,35512,134800,33092,GA,Loan Masters
248919819,2557,6000,7050,0.7254,12.5,405,6237.54,12070,R,S1,463,3,27,13,14,3,LLC,3,0,57,Home Furniture and Furnishings Stores,27057,86600,29349,FL,Loan Masters
203118929,2898,6200,7285,0.7956,12.5,732.38,5533.5,5533.5,O,S1,546,36,29,14,0,3,LLC,4,0,27,Printing Publishing and Allied Industries,22869,84100,38569,MI,Loan Masters
36216707,6389,11500,13512.5,0.9456,5,1319.62,38710.5,38710.5,O,S2,593,6,24,6,1,4,LLC,1,0,75,Auto Repair Services and Parking,4347,172700,63945,NY,Loan Masters
297917327,7962,22000,27280,0.5837,10,2604.8,27440.7,30602,R,S3,412,1,9,2,13,13,LLC,0,9,58,Eating and Drinking Places,31671,136500,38733,NJ,Credit Divas
158112095,13262,18000,21420,1.2383,12.5,2484,14255.14,15291.0769,O,S2,549,27,27,15,1,9,LLC,0,0,7,Agricultural Services,18659,132300,55904,GA,Credit Divas
204211981,13105,35600,42364,0.6187,5,4912.8,70094.06,73827.6,O,S3,583,11,45,18,0,6,LLC,6,2,41,Local/Suburban Transit and Highway Passenger,22951,130900,32558,WI,Credit Divas
246912835,7603,17700,21652,0.7023,12.5,2260.84,11145.88,33464,O,S2,632,5,11,6,1,3,LLC,0,0,54,Food Stores,26787,137300,35371,MA,Loan Masters
209611693,9570,18800,22372,0.8555,12.5,1014.42,16336,17616,R,S2,603,2,30,22,0,12,S-Corp,0,0,75,Auto Repair Services and Parking,23510,133700,41877,NC,Loan Masters
163416466,16047,50800,59690,0.5377,12.5,1016,55250,26518.6667,R,S4,531,1,14,5,1,9,LLC,1,0,58,Eating and Drinking Places,19154,177000,51858,NH,Loan Masters
121413118,34158,41000,48790,1.4002,7.5,4526.4,69400,74088.5,R,S3,507,16,52,28,4,17,LLC,1,0,58,Eating and Drinking Places,15209,243300,97403,DE,Credit Divas
40114807,7398,20000,23100,0.6405,12.5,1396,14926.98,14925.7192,O,S2,611,3,20,10,1,2,LLC,2,1,53,General Merchandise Stores,4823,56900,24897,KY,Loan Masters
74616766,15474,36000,41400,0.7475,10,2160,37725.56,37725.5,O,S3,473,1,17,10,0,5,LLC,1,0,53,General Merchandise Stores,9574,74700,27488,FL,Loan Masters
333313873,7054,12200,14200,0.9935,12.5,1197.98,10188.36,10188.4236,O,S2,690,5,16,8,1,3,LLC,0,0,53,General Merchandise Stores,35592,104100,40477,VA,Credit Divas
125113897,17182,29400,34839,0.9864,5,1764,99238.14,99238.14,O,S3,712,6,23,10,0,0,LLC,0,0,75,Auto Repair Services and Parking,15726,138600,51705,VT,Loan Masters
92010963,16115,23400,27495,1.1722,12.5,631.8,31412.34,31412.4444,R,S3,580,10,30,18,4,0,LLC,3,0,51,Wholesale Trade-Nondurable Goods,11794,325400,66947,FL,Loan Masters
147316006,23929,66000,80850,0.5919,12.5,7493.32,42412.78,51334.4,O,S4,649,7,17,9,2,3,LLC,1,1,79,Amusement and Recreational Services,17749,118600,44096,OH,Loan Masters
86212582,19810,37200,43710,0.9064,12.5,3013.2,32986.92,26573.8739,O,S3,579,6,21,11,3,2,LLC,0,0,54,Food Stores,11250,576000,36671,SC,Loan Masters
234116766,46901,95000,113050,0.8297,12.5,13110,74915.28,74915.3333,O,S4,630,26,20,8,0,4,LLC,1,12,58,Eating and Drinking Places,25506,129400,34424,SC,Credit Divas
445614610,6326,12000,14100,0.8973,12.5,648,9953,27676,R,S2,591,7,10,5,4,0,LLC,2,3,53,General Merchandise Stores,63783,144100,55781,OH,Loan Masters
27514003,137746,2.00E+05,238000,1.1575,10,16560,353007.44,380025,O,S4,678,20,16,11,0,8,LLC,4,0,47,Transportation Services,3002,178500,32441,FL,Loan Masters
214013609,14142,36000,43200,0.6547,12.5,3024,24332.66,32704,O,S3,571,6,4,0,0,1,LLC,7,0,57,Home Furniture and Furnishings Stores,23868,61000,30960,NJ,Credit Divas
424416295,18188,30000,35700,1.0189,12.5,3312,77871.34,77871.3333,R,S3,615,9,35,24,0,8,LLC,1,0,59,Miscellaneous Retail Stores,53472,146400,70846,GA,Credit Divas
30313853,2934,9600,11280,0.5202,12.5,777.6,8773.38,9162.33333,O,S2,447,2,37,22,5,16,S-Corp,1,0,56,Apparel and Accessory Stores,3431,323600,32716,MA,Loan Masters
272918722,2595,8000,9400,0.5521,12.5,648,7074.66,8709.5,O,S1,494,12,27,16,5,7,LLC,4,3,52,Building Materials and Hardware,29225,83300,31483,FL,Loan Masters
220416939,2597,9200,11408,0.4553,12.5,1361.6,6073.88,6074,O,S2,456,6,29,20,7,4,LLC,0,5,52,Building Materials and Hardware,24439,107900,34789,VA,Credit Divas
453417775,7776,13800,17112,0.9088,12.5,2144.52,8943.16,8943,O,S2,617,11,37,25,2,15,LLC,1,0,56,Apparel and Accessory Stores,74948,122900,28676,FL,Loan Masters
424310719,26188,53000,63070,0.8304,12.5,7314,41781.66,41781.6667,O,S4,610,2,7,1,0,0,LLC,5,0,51,Wholesale Trade-Nondurable Goods,53398,70100,18506,FL,Credit Divas
365812568,10526,14800,18130,1.1612,12.5,888,10067.96,10920.6,O,S2,614,2,47,25,0,0,S-Corp,1,0,75,Auto Repair Services and Parking,40288,65300,20333,GA,Loan Masters
189212404,11574,26000,30550,0.7577,10,1820,30900.66,35871,O,S3,550,8,22,5,6,6,LLC,5,0,58,Eating and Drinking Places,21619,150000,60765,NC,Loan Masters
180710812,7176,12000,14280,1.0050,17.5,1324.8,9038.94,8847,R,S2,515,23,38,26,2,9,S-Corp,0,0,58,Eating and Drinking Places,20921,69000,29913,SC,Credit Divas
126110096,37164,57000,67830,1.0958,12.5,7866,45005.8,50736,O,S4,682,3,43,24,0,1,LLC,1,0,54,Food Stores,15808,89400,50069,IL,Credit Divas
334812015,23055,44000,53900,0.8555,5,6699,97342,108000.5,R,S4,524,13,30,15,8,1,LLC,2,4,58,Eating and Drinking Places,35712,126300,18903,FL,Loan Masters
372911938,14289,30600,37500,0.7621,12.5,5105.54,24177.6,10191.1676,R,S3,629,13,28,22,2,3,LLC,1,1,58,Eating and Drinking Places,41383,129700,55378,MO,Credit Divas
254115334,69014,120000,141000,0.9789,12.5,12678.12,183866.86,183866.667,O,S4,715,10,11,4,0,1,LLC,0,0,58,Eating and Drinking Places,27420,113700,46128,KY,Loan Masters
302712970,4280,11600,13630,0.6280,12.5,313.2,16588,19765,R,S2,576,2,18,7,1,8,S-Corp,1,2,75,Auto Repair Services and Parking,32077,110200,36394,SC,Loan Masters
252414378,30219,56000,69440,0.8704,17.5,6630.4,49488,113422,R,S4,614,7,19,15,0,12,LLC,0,0,58,Eating and Drinking Places,27314,83800,31691,VA,Credit Divas
397911845,2720,8200,9758,0.5575,12.5,1216.46,6484.24,6484.4,O,S1,527,5,14,6,3,2,LLC,1,0,75,Auto Repair Services and Parking,45543,100100,54222,GA,Loan Masters
213119193,7934,12000,14280,1.1112,12.5,1324.8,17010,17010,R,S2,650,5,48,36,2,6,S-Corp,1,0,58,Eating and Drinking Places,23824,82900,35619,TN,Credit Divas
170615305,7319,12000,14280,1.0251,5,993.6,40516.88,40516.824,O,S2,634,6,30,6,4,3,LLC,2,0,75,Auto Repair Services and Parking,19969,91500,35365,IN,Loan Masters
73411998,12495,24000,28200,0.8862,12.5,480,38572.8,26633.6,R,S3,623,75,24,15,0,2,LLC,3,14,76,Miscellaneous Repair Services,9442,97400,33102,MA,Loan Masters
314412264,107210,176200,209678,1.0226,12.5,24315.6,138915.38,138915.5,O,S4,633,13,28,15,0,3,LLC,0,4,58,Eating and Drinking Places,33214,148900,54530,FL,Credit Divas
387013545,6079,17000,20400,0.5960,12.5,2796.5,13316.08,15360,O,S2,546,1,13,0,1,3,LLC,2,0,72,Personal Services,43875,145200,63639,FL,Loan Masters
155917604,78615,96800,120032,1.3099,12.5,14326.4,63719.9,71625.2428,O,S4,725,2,19,9,0,0,LLC,0,0,59,Miscellaneous Retail Stores,18402,142300,66284,NJ,Credit Divas
177019024,3392,5000,5875,1.1547,12.5,337.5,4848,6962,R,S1,397,5,13,0,7,3,S-Corp,0,0,72,Personal Services,20556,137600,51726,NJ,Loan Masters
82115639,79896,121800,151032,1.0580,12.5,18026.4,80166.66,80166.6667,O,S4,522,9,28,6,2,10,LLC,2,1,58,Eating and Drinking Places,10572,285500,80419,NY,Credit Divas
160619254,9475,22800,27930,0.6785,12.5,2588.6,18942.98,18943,O,S3,612,32,53,21,0,5,LLC,0,0,55,Automotive Dealers and Service Stations,18911,108800,42041,MI,Loan Masters
102015045,3123,5200,6110,1.0223,12.5,315.9,8488.48,4114,R,S1,429,5,12,3,17,19,S-Corp,0,1,59,Miscellaneous Retail Stores,13163,100400,33072,PA,Loan Masters
453317427,5858,8400,10300,1.1375,12.5,1342,6666,9142,R,S2,476,2,25,15,2,8,LLC,1,0,58,Eating and Drinking Places,74948,122900,28676,FL,Loan Masters
210015598,4941,11800,14900,0.6632,12.5,2748.6,12861.64,2340,R,S2,600,4,36,20,0,3,LLC,1,0,58,Eating and Drinking Places,23572,59900,20636,MD,Credit Divas
326319131,8842,17200,20468,0.8640,12.5,2373.6,14656.72,10641.203,O,S2,564,9,34,18,3,16,LLC,0,0,72,Personal Services,34753,95500,42875,GA,Credit Divas
225714000,5550,12400,14818,0.7491,12.5,1809.78,11246.66,18433.4545,O,S2,594,16,41,23,1,0,LLC,3,0,59,Miscellaneous Retail Stores,24929,64100,31534,IL,Loan Masters
79018098,2037,8000,9200,0.4428,12.5,416,11052.78,11053.9291,R,S1,535,2,10,2,6,0,LLC,4,9,58,Eating and Drinking Places,10178,153800,23562,OH,Credit Divas
304712463,1035,4000,4760,0.4349,12.5,552,6637.74,8907.42857,O,S1,564,1,13,8,5,5,LLC,0,5,58,Eating and Drinking Places,32346,205100,73553,NY,Credit Divas
290318474,3035,7600,9120,0.6656,12.5,456,7144.72,7145,O,S1,549,2,9,5,2,0,LLC,4,3,51,Wholesale Trade-Nondurable Goods,30903,164200,67946,WI,Loan Masters
317815254,8213,14000,16450,0.9985,12.5,1653.76,13018.04,16992.6667,O,S2,513,11,20,9,8,5,S-Corp,3,1,59,Miscellaneous Retail Stores,33624,127400,51708,FL,Loan Masters
102515405,3686,10800,12690,0.5809,12.5,648,9733.02,9732.83026,O,S2,508,2,55,23,1,11,LLC,4,0,56,Apparel and Accessory Stores,13191,84300,36031,FL,Loan Masters
270717134,4543,12890,15339,0.5923,10,1778.8,12716.66,12716,O,S2,498,2,8,0,2,2,S-Corp,1,0,50,Wholesale Trade-Durable Goods,28971,112400,41277,LA,Credit Divas
203319714,7546,22000,25850,0.5838,12.5,2079,19790.24,19790.6667,O,S3,495,10,20,7,7,11,LLC,1,2,59,Miscellaneous Retail Stores,22874,95700,38668,PA,Loan Masters
323710178,4659,13200,15840,0.5883,12.5,2032.8,12300,16033.75,O,S2,545,8,9,4,3,2,LLC,0,0,17,Construction-Special Trade Contractors,34481,148600,47258,OH,Credit Divas
276512971,53972,156900,194556,0.5548,12.5,23221.2,103214.34,103214.333,O,S4,536,5,25,10,11,3,LLC,1,1,56,Apparel and Accessory Stores,29582,134600,57355,FL,Credit Divas
61217862,4851,10200,11730,0.8271,12.5,795.6,6764.94,6765.33333,O,S2,569,5,10,1,6,0,LLC,0,1,59,Miscellaneous Retail Stores,7675,219400,39255,TN,Credit Divas
95918617,1647,5000,6200,0.5313,12.5,1110,3847.6,3848,O,S1,446,14,21,7,6,4,S-Corp,2,0,75,Auto Repair Services and Parking,12405,84000,33712,TN,Credit Divas
266819427,5478,12800,15232,0.7193,12.5,1413.12,19225.32,20682,R,S2,481,3,15,4,21,22,LLC,0,0,59,Miscellaneous Retail Stores,28656,104500,32517,KY,Credit Divas
32718237,11416,21900,26827.5,0.8511,12.5,2222.86,14096.16,21502.25,O,S3,563,4,24,11,4,2,LLC,2,0,56,Apparel and Accessory Stores,3744,255000,22875,GA,Loan Masters
16913781,6489,18000,21150,0.6136,12.5,486,29516,31526,R,S2,452,8,27,14,4,2,LLC,4,1,50,Wholesale Trade-Durable Goods,1262,61300,30625,WV,Loan Masters
129914905,8249,17200,22016,0.7494,12.5,3890.64,11100.2,11100.25,O,S2,492,10,15,2,5,7,S-Corp,0,0,54,Food Stores,16153,126700,51736,MN,Loan Masters
165715091,14164,31000,36735,0.7711,12.5,4034.66,26105.94,43441.5842,O,S3,656,3,15,9,0,2,LLC,1,6,56,Apparel and Accessory Stores,19361,192100,41180,FL,Loan Masters
168210632,3036,6000,7170,0.8469,12.5,120,9833.6,2188,R,S1,634,5,17,9,1,3,S-Corp,0,0,58,Eating and Drinking Places,19700,99300,34087,TN,Loan Masters
379010425,23422,38000,44650,1.0491,12.5,760,36791.06,33868.8,R,S3,580,2,17,9,2,5,LLC,1,8,7,Agricultural Services,42597,129500,55016,PA,Loan Masters
116513573,8767,16100,18917.5,0.9269,12.5,1521.46,15593.82,7400.27218,O,S2,629,11,19,14,2,1,LLC,1,0,58,Eating and Drinking Places,14672,72700,29870,PA,Loan Masters
84515676,8553,15000,17375,0.9845,7.5,1379.22,19204.18,19204.2857,O,S2,658,8,33,22,0,4,LLC,0,0,58,Eating and Drinking Places,10979,74000,39021,AR,Loan Masters
273019722,2628,7600,9424,0.5577,12.5,1124.8,5077.92,5077.66667,O,S1,625,4,7,3,3,1,S-Corp,0,0,57,Home Furniture and Furnishings Stores,29252,52100,25019,FL,Credit Divas
418112733,215928,360000,446400,0.9674,12.5,31968,245591,245573.502,O,S4,524,28,19,10,1,5,LLC,1,0,99,Other,51217,1000001,66342,NY,Loan Masters
278812228,6019,16000,19840,0.6068,12.5,3552,13880,9867.2,O,S2,457,1,12,4,1,0,LLC,2,1,57,Home Furniture and Furnishings Stores,29933,118000,43970,MN,Credit Divas
293118843,11794,30000,34950,0.6749,17.5,1596,26621.9,78146,R,S3,553,2,22,12,4,4,LLC,1,0,50,Wholesale Trade-Durable Goods,31170,161400,55358,MA,Loan Masters
128515924,12672,25200,30240,0.8381,12.5,4057.2,20624,22398,R,S3,655,15,28,16,0,2,S-Corp,2,3,75,Auto Repair Services and Parking,16070,97000,49078,IL,Loan Masters
242610577,95220,138000,171120,1.1129,12.5,16339.2,90760.94,90760.6667,R,S4,677,8,32,16,0,0,LLC,0,3,58,Eating and Drinking Places,26408,875000,62467,NY,Credit Divas
88518804,5598,12000,14880,0.7524,12.5,1420.8,13292.8,3805.04365,R,S2,483,5,36,20,13,7,S-Corp,1,0,59,Miscellaneous Retail Stores,11477,138000,51525,PA,Credit Divas
438211354,5310,9000,11160,0.9516,12.5,1065.6,6023.48,5419.6,R,S2,433,3,60,34,14,8,S-Corp,1,0,53,General Merchandise Stores,59912,83000,35785,GA,Credit Divas
121616223,38703,59000,69620,1.1118,7.5,5616.8,89525.92,131040.545,O,S4,700,9,40,23,0,0,LLC,0,0,58,Eating and Drinking Places,15213,290700,59615,FL,Loan Masters
198512153,3593,10000,11750,0.6116,17.5,675,7908.16,9529,R,S2,541,2,24,9,15,5,LLC,0,0,58,Eating and Drinking Places,22542,75400,25261,FL,Loan Masters
220617656,2846,8000,9400,0.6055,12.5,756,7214.36,7214,O,S1,471,4,37,21,3,8,LLC,2,0,73,Business Services,24451,140600,65353,VA,Loan Masters
127117828,11859,23200,28770,0.8244,12.5,3605.7,15361.98,20217.5,O,S3,655,1,15,2,8,3,S-Corp,3,0,70,Hotels Rooming and Other Lodging Places,15940,81200,35701,KY,Loan Masters
44612381,10059,23600,29264,0.6875,12.5,698.56,22178.14,28520.6667,R,S3,589,3,20,10,2,4,LLC,1,2,75,Auto Repair Services and Parking,5427,94000,46250,NJ,Loan Masters
209019343,25377,58200,68967,0.7359,12.5,7574.74,52409.44,55800.1818,O,S4,520,3,33,13,13,8,LLC,0,0,58,Eating and Drinking Places,23473,112900,42646,ME,Loan Masters
361116993,13922,59000,73160,0.3806,10,8732,48539.66,69469.1268,O,S4,527,3,33,8,3,4,LLC,0,0,58,Eating and Drinking Places,39427,99800,35016,FL,Credit Divas
358915539,12902,38500,45237.5,0.5704,10,4158.08,43418,43418,O,S3,476,3,30,20,1,12,LLC,0,0,72,Personal Services,38940,102800,36790,MN,Loan Masters
350915161,5651,12000,14280,0.7915,12.5,1324.8,17510.2,17580,R,S2,618,29,12,5,1,3,LLC,0,4,58,Eating and Drinking Places,38066,92300,47825,GA,Credit Divas
209310926,43112,95200,111860,0.7708,12.5,5712,91920.56,91920.4,O,S4,705,6,45,20,0,2,LLC,0,0,58,Eating and Drinking Places,23473,112900,42646,ME,Loan Masters
205515372,51844,92000,108100,0.9592,12.5,11799,82878.12,82878.12,O,S4,672,5,22,5,0,1,LLC,2,5,72,Personal Services,23068,197900,59851,NJ,Loan Masters
137116687,21626,40000,48700,0.8881,12.5,2797,23346.64,26527.0603,O,S3,608,1,24,13,1,5,LLC,1,1,99,Other,16887,290300,102926,NJ,Loan Masters
25514818,3236,5600,6664,0.9712,12.5,154.56,9138,7668.66667,R,S1,600,6,18,14,1,3,LLC,2,2,75,Auto Repair Services and Parking,2671,99700,44926,NJ,Loan Masters
40513732,7113,10000,11750,1.2107,12.5,540,37619.26,37619.3333,O,S2,683,26,51,43,0,0,LLC,0,0,56,Apparel and Accessory Stores,4900,217000,33006,NC,Loan Masters
156912740,37219,73600,86848,0.8571,12.5,5152,66846.92,26191.0851,O,S4,624,3,33,19,3,6,LLC,2,0,72,Personal Services,18547,183800,32124,TN,Loan Masters
,,,,,,,,,,,,,,,,,,,,,,,,,,
